Language,original,english,german,chinesesimp,chinese,russian,czech,polish,hungarian,italian,spanish,french,portuguese,japanese,Column 16
"Buy_Price","Purchase price:","Purchase price:","Kaufpreis:","购买价格：","購買價格：","Цена покупки:","Koupit cenu:","Cena zakupu:","Vásárlási ár:","Prezzo di acquisto:","Precio de compra:","Prix d'achat:","Preço de compra:","購入価格：",
"Sell_Price","Selling price:",Selling price:,"Verkaufspreis:","销售价格：","銷售價格：","Цена продажи:","Prodejní cena:","Cena sprzedaży:","Eladási ár:","Prezzo di vendita:","Precio de venta:","Prix de vente:","Preço de venda:","販売価格：",
"Buy","Buy","Buy","Kaufen","买","買","Купить","Koupit","Kupować","Vásárolni","Acquista","Comprar","Acheter","Comprar","購入",
"trade","trade","trade","Handel","贸易","貿易","торговля","obchod","handel","kereskedelem","commercio","comercio","commerce","comércio","貿易",
"Sell","Sell","Sell","Verkaufen","卖","賣","Продать","Prodat","Sprzedać","Eladni","Vendi","Vender","Vendre","Vender","売る",
"Price","Price","Price","Preis","价格","價格","Цена","Cena","Cena","Ár","Prezzo","Precio","Prix","Preço","価格",
"sum","sum","sum","Summe","总和","總和","Сумма","součet","suma","összeg","somma","suma","somme","soma","合計",
"sell_Shopping_Cart","Items to sell","Items to sell","Artikel zum Verkauf","要出售的物品","要出售的物品","Товары на продажу","Položky na prodej","Przedmioty do sprzedaży","Eladásra szánt tételek","Articoli da vendere","Artículos para vender","Articles à vendre","Itens para vender","販売するアイテム",
"buy_Shopping_Cart","Items to buy","Items to buy","Artikel zum Kauf","要购买的物品","要購買的物品","Товары на покупку","Položky na nákup","Przedmioty do kupienia","Vásárolni kívánt tételek","Articoli da acquistare","Artículos para comprar","Articles à acheter","Itens para comprar","購入するアイテム",
"Money","Money:",Money:,"Geld:","现金：","現金：","Деньги:","Peníze:","Pieniądze:","Pénz:","Denaro:","Dinero:","Argent:","Dinheiro:","お金：",
"Licence_Menu","Licence Menu","Licence Menu","Lizenzmenü","许可证菜单","執照菜單","Меню лицензий","Licenční nabídka","Menu licencji","Engedély menü","Menu licenze","Menú de licencias","Menu de licences","Menu de Licença","ライセンスメニュー",
"License","License","License","Lizenz","许可证","執照","Лицензия","Licence","Licencja","Engedély","Licenza","Licencia","License","Licença","ライセンス",
"error_deposit_is_not_a_int","Error,deposit is not a int value.","Error,deposit is not a int value.","Fehler,Eingabe ist keine ganze Zahl.","错误，存款金额不是整数。","错误，存款不是int值。","Ошибка, значение депозита не является целым.","Chyba, vklad není hodnota int.","Błąd, depozyt nie jest wartością typu int.","Hiba, a betét nem int érték.","Errore, il deposito non è un valore int.","Error, el deposito no es un valor int","Erreur, le dépôt n'est pas une valeur int.","Erro, o depósito não é um valor int.","エラー、デポジットは整数値ではありません。",
"Error,deposit is not a int value.","Error,deposit is not a int value.","Error,deposit is not a int value.","Fehler,Eingabe ist keine ganze Zahl.","错误，存款金额不是整数。","错误，存款不是int值。","Ошибка, значение депозита не является целым.","Chyba, vklad není hodnota int.","Błąd, depozyt nie jest wartością typu int.","Hiba, a betét nem int érték.","Errore, il deposito non è un valore int.","Error, el deposito no es un valor int","Erreur, le dépôt n'est pas une valeur int.","Erro, o depósito não é um valor int.","エラー、デポジットは整数値ではありません。",
"error_not_enough_money_to_transfer","Error,not enough money to transfer.","Error,not enough money to transfer.",Nicht genug Geld zum transferieren.,错误，资金不足。,錯誤，資金不足。,"Ошибка, недостаточно денег для перевода.","Chyba, nedostatek peněz k převodu.","Błąd, za mało pieniędzy do przesłania.","Hiba, nincs elég pénz az átutaláshoz.","Errore, denaro insufficiente per il trasferimento.","Error, no tienes suficiente dinero para transferir","Erreur, pas assez d'argent à transférer.","Erro, dinheiro insuficiente para transferir.",エラー、送金するのに十分なお金がありません。,
"Banking_Menue","Banking Menu","Banking Menu","Bank Menü","银行菜单","銀行菜單","Банковское меню","Nabídka bankovnictví","Menu bankowe","Banki menü","Menu bancario","Menu Bancario","Menu bancaire","Menu Bancário","銀行メニュー",
"Deposit","Deposit","Deposit","Einzahlen","存钱","訂金","Депозит","Vklad","Kaucja","Letét","Depositare","Depositar","Dépôt","Depósito","預り金",
"open_banking_menu","Open banking menu","Open banking menu","Bank Menü öffnen","打开银行菜单","打開銀行菜單","Открыть банковское меню","Otevřít bankovní menu","Otwórz menu bankowe","Banki menü megnyitása","Apri menu bancario","Abrir menú bancario","Ouvrir le menu bancaire","Abrir menu bancário","銀行メニューを開く",
"Pay_out","Payout","Payout","Auszahlen","取钱","付款方式","Выплата","Výplaty","Wypłata","Kifizetés","Pagamento","Retirar","Paiement","Pagamento","配当性向",
"Player_Cash","Cash:",Cash:,"Bargeld:","现金：","現金：","Наличные:","Hotovost:","Gotówka:","Készpénz:","Contanti:","Efectivo:","Argent liquide:","Dinheiro:","現金：",
"Player_Bank","Balance:",Balance:,"Guthaben:","余额：","餘額：","Баланс:","Zůstatek:","Saldo:","Egyenleg:","Saldo:","Saldo:","Solde:","Saldo:","残高：",
"rob_money","Rob Money","Rob Money","Geld plündern","抢钱","搶錢","Взять деньги","Vezmi peníze","Brać pieniądze","Vegyél pénzt","Prendere soldi","Coger Dinero","Prend l'argent","Levar dinheiro","取钱",
"get_money_from_dead_body","Take money","Take money","Geld nehmen","拿钱","拿錢","Взять деньги","Vezmi peníze","Weź pieniądze","Vedd el a pénzt","Prendi i soldi","Coger Dinero","Prendre de l'argent","Leve dinheiro","お金を取る",
"Cash_at_Bank"",Bank Balance:","Bank Balance:","Bank Balance:","Bankguthaben:","银行余额：","銀行餘額：","Баланс на банковском счете:","Bankovní zůstatek:","Saldo banku:","Banki egyenleg:","Saldo in banca:","Saldo en Banco:","Solde bancaire:","Saldo no Banco:","銀行残高：",
"money_transfer_successful","Money transfer successful,","Money transfer successful","Geldüberweisung erfolgreich,","资金转账成功,","資金轉帳成功,","Денежный перевод успешен,","Převod peněz byl úspěšný,","Przelew pieniędzy udany,","Pénzátutalás sikeres,","Trasferimento di denaro riuscito,","Transferencia de dinero exitosa,","Transfert d'argent réussi,","Transferência de dinheiro bem-sucedida,","資金転送が成功しました,",
"rob_bank","Rob Bank","Rob Bank","Bank ausrauben","抢银行","搶銀行","Ограбить банк","Loupež banky","Napadnij bank","Bankrablás","Rapina in banca","Robar Banco","Braquer une banque","Roubar Banco","銀行強盗",
"stop_rob_bank","Stop bank rob","Stop bank rob","Bankraub stoppen","停止银行抢劫","停止銀行搶劫","Остановить ограбление банка","Zastavit bankovní loupež","Zatrzymaj napad na bank","Bankrablás megállítása","Fermare la rapina in banca","Detener el atraco al banco","Arrêter le vol de banque","Parar roubo de banco","銀行強盗を停止",
"raid_has_not_finished","raid has not finished","raid has not finished","Überfall ist noch nicht beendet","抢劫还没有结束","突袭还没有结束","Рейд не закончился","Raid ještě neskončil","Nalot się nie zakończył","A rajtaütés még nem ért véget","La rapina non è finita","El atraco no ha terminado","Le raid n'est pas terminé","O assalto não terminou","襲撃は終わっていません",
"take_robt_money","Take Robt Money","Take Robt Money","Nehmen Sie Robt Geld","拿Robt钱","拿Robt錢","Возьмите Robt деньги","Vezmi Robt peníze","Weź Robt pieniądze","Vedd el a Robt pénzt","Prendi i soldi di Robt","Coger Dinero Robt","Prendre l'argent de Robt","Leve dinheiro de Robt","Robtのお金を取る",
"no_raid_has_started","No raid has started","No raid has started","Kein Überfall hat begonnen","没有抢劫开始","没有突袭开始","Никакой рейд не начался","Žádný nájezd nezačal","Żaden nalot nie został rozpoczęty","Nem indult rajtaütés","Nessun raid è iniziato","Ningún atraco ha comenzado","Aucun raid n'a commencé","Nenhum assalto foi iniciado","襲撃は開始されていません",
"bank_rob_was_stopped","Bank robbery was stopped","Bank robbery was stopped","Bankraub wurde gestoppt","银行抢劫被停止","银行抢劫被停止","Банковское ограбление было остановлено","Bankovní loupež byla zastavena","Napad na bank został zatrzymany","Bankrablás megállt","La rapina in banca è stata interrotta","El atraco al banco fue detenido","Le vol de banque a été arrêté","O assalto ao banco foi interrompido","銀行強盗は停止されました",
"not_in_near_of_raided_bank","Not in near of raided bank","Not in near of raided bank","Nicht in der Nähe der überfallenen Bank","不在被抢银行附近","不在被搶銀行附近","Не вблизи ограбленного банка","Ne v blízkosti přepadené banky","Nie w pobliżu napadniętego banku","Nem a rajtaütött bank közelében","Non vicino alla banca rapinata","No cerca del banco asaltado","Pas près de la banque attaquée","Não perto do banco assaltado","襲撃された銀行の近くにいません",
"safe_is_open","Safe is open, robber can take the money now.","Safe is open, robber can take the money now.","Tresor ist offen, Räuber kann das Geld jetzt nehmen.","保险箱是开放的，强盗现在可以拿钱了。","保險箱是開放的，強盜現在可以拿錢了。","Сейф открыт, грабитель может взять деньги сейчас.","Trezor je otevřený, lupič může peníze vzít.","Sejf jest otwarty, rabuś może teraz wziąć pieniądze.","A széf nyitva van, a rabló most veheti el a pénzt.","La cassaforte è aperta, il ladro può prendere i soldi ora.","La caja fuerte está abierta, el ladrón puede tomar el dinero ahora.","Le coffre-fort est ouvert, le voleur peut prendre l'argent maintenant.","O cofre está aberto, o ladrão pode pegar o dinheiro agora.","金庫は開いています、強盗は今お金を取ることができます。",
"dzl_safe_is_closed","Safe is closed","Safe is closed","Tresor ist geschlossen","保险箱是关闭的","保險箱是關閉的","Сейф закрыт","Trezor je uzavřený","Sejf jest zamknięty","A széf zárva van","La cassaforte è chiusa","La caja fuerte está cerrada","Le coffre-fort est fermé","O cofre está fechado","金庫は閉じられています",
"bank_can_not_be_used_in_moment","Bank cannot be used at the moment. Is there a robbery in progress or has a robbery just taken place?","Bank cannot be used at the moment. Is there a robbery in progress or has a robbery just taken place?","Bank kann im Moment nicht benutzt werden. Gibt es einen Raubüberfall im Gange oder hat gerade ein Raubüberfall stattgefunden?","银行目前无法使用。目前是否正在进行抢劫或刚刚发生了抢劫？","银行目前无法使用。目前是否正在进行抢劫或刚刚发生了抢劫？","Банк в данный момент не может быть использован. Идет ли в настоящее время ограбление или только что произошло ограбление?","Banka nemůže být v tuto chvíli použita. Probíhá loupež nebo právě proběhla loupež?","Bank nie może być używany w tej chwili. Czy trwa napad lub właśnie doszło do napadu?","A bank jelenleg nem használható. Folyamatban van egy rablás vagy éppen most történt egy rablás?","La banca non può essere utilizzata al momento. C'è un'attività di rapina in corso o è appena avvenuta una rapina?","El banco no se puede usar en este momento. ¿Hay un robo en progreso o acaba de tener lugar un robo?","La banque ne peut pas être utilisée pour le moment. Y a-t-il un vol en cours ou vient-il de se produire?","O banco não pode ser usado no momento. Há um roubo em andamento ou acabou de ocorrer um roubo?","銀行は現在使用できません。強盗が進行中か、強盗が発生したばかりですか？",
"bank_rob_was_successful","Bank robbery was successful","Bank robbery was successful","Bankraub war erfolgreich","银行抢劫成功","银行抢劫成功","Банковское ограбление прошло успешно","Bankovní loupež byla úspěšná","Napad na bank był udany","Bankrablás sikeres volt","La rapina in banca è stata un successo","El atraco al banco fue exitoso","Le vol de banque a réussi","O assalto ao banco foi bem-sucedido","銀行強盗は成功しました",
"bank_rob_was_started","Bank robbery was started","Bank robbery was started","Bankraub wurde gestartet","银行抢劫开始了","银行抢劫开始了","Банковское ограбление началось","Bankovní loupež byla zahájena","Napad na bank został rozpoczęty","Bankrablás elkezdődött","La rapina in banca è iniziata","El atraco al banco ha comenzado","Le vol de banque a commencé","O assalto ao banco foi iniciado","銀行強盗が始まりました",
"bank_rob_was_canceled","Bank robbery was canceled","Bank robbery was canceled","Bankraub wurde abgebrochen","银行抢劫被取消","银行抢劫被取消","Банковское ограбление было отменено","Bankovní loupež byla zrušena","Napad na bank został anulowany","Bankrablás megszakadt","La rapina in banca è stata annullata","El atraco al banco fue cancelado","Le vol de banque a été annulé","O assalto ao banco foi cancelado","銀行強盗はキャンセルされました",
"error_deposit_must_be_positiv","Transfer must be positive.","Transfer must be positive.","Überweisung muss positiv sein.","转账必须是正数。","转账必须是正数。","Перевод должен быть положительным.","Převod musí být kladný.","Transfer musi być dodatni.","A transzfernek pozitívnak kell lennie.","Il trasferimento deve essere positivo.","La transferencia debe ser positiva.","Le transfert doit être positif.","A transferência deve ser positiva.","転送は正でなければなりません。",
"error_no_player_was_selected","A player must be selected.","A player must be selected.","Ein Spieler muss ausgewählt werden.","必须选择一个玩家。","必须选择一个玩家。","Необходимо выбрать игрока.","Musí být vybrán hráč.","Gracz musi być wybrany.","Egy játékosnak ki kell választania.","Deve essere selezionato un giocatore.","Debe seleccionarse un jugador.","Un joueur doit être sélectionné.","Um jogador deve ser selecionado.","プレイヤーを選択する必要があります。",
"error_you_cant_send_money_to_yourself","You cannot transfer money to yourself.","You cannot transfer money to yourself.","Sie können kein Geld an sich selbst überweisen.","您不能将钱转给自己。","您不能將錢轉給自己。","Вы не можете перевести деньги себе.","Nemůžete poslat peníze sami sobě.","Nie możesz przesłać pieniędzy sobie.","Nem küldhetsz pénzt magadnak.","Non puoi trasferire denaro a te stesso.","No puedes transferir dinero a ti mismo.","Vous ne pouvez pas transférer d'argent à vous-même.","Você não pode transferir dinheiro para si mesmo.","自分にお金を送ることはできません。",
"Cash_Transfer","Cash Transfer","Cash Transfer","Bargeldtransfer","现金转账","現金轉帳","Перевод наличных","Převod hotovosti","Przelew gotówki","Készpénzátutalás","Trasferimento di denaro","Transferencia de efectivo","Transfert d'argent","Transferência de dinheiro","現金転送",
"start_work","Start work","Start work","Arbeit beginnen","开始工作","開始工作","Начать работу","Začít pracovat","Rozpocznij pracę","Munka megkezdése","Inizia a lavorare","Comenzar a trabajar","Commencer le travail","Começar a trabalhar","仕事を始める",
"no_space_left_in_inventory","No space left.","No space left.","Kein Platz mehr im Inventar.","没有空间了。","没有空间了。","Нет места.","Není místo.","Brak miejsca.","Nincs több hely.","Non c'è più spazio.","No hay espacio.","Il n'y a plus de place.","Não há mais espaço.","在庫に空きがありません。",
"you_got","You got","You got","Du hast","你得到了","你得到了","Вы получили","Dostal jsi","Dostałeś","Megkaptad","Hai ottenuto","Tienes","Vous avez","Você tem","あなたは得た",
"not_enough_money","Not enough cach!",Not enough cach!,"Nicht genug Geld!","现金不足！","现金不足！","Недостаточно денег!","Nedostatek peněz!","Za mało pieniędzy!","Nincs elég pénz!","Denaro insufficiente!","Dinero insuficiente!","Argent insuffisant!","Dinheiro insuficiente!","お金が足りません！",
"your_already_have_the_licence","You already have the license.","You already have the license.","Du hast die Lizenz bereits.","您已经拥有了许可证。","您已經擁有了許可證。","У вас уже есть лицензия.","Máte již licenci.","Masz już licencję.","Már van engedélyed.","Hai già la licenza.","Ya tienes la licencia.","Vous avez déjà la licence.","Você já tem a licença.","すでにライセンスを取得しています。",
"you_have_not_the_dependency_licence","You have not purchased the required license.","You have not purchased the required license.","Sie haben die erforderliche Lizenz nicht erworben.","您尚未购买所需的许可证。","您尚未購買所需的許可證。","Вы не приобрели необходимую лицензию.","Nem zakoupili jste požadovanou licenci.","Nie zakupiłeś wymaganej licencji.","Nem vásárolta meg a szükséges engedélyt.","Non hai acquistato la licenza richiesta.","No has comprado la licencia requerida.","Vous n'avez pas acheté la licence requise.","Você não comprou a licença necessária.","必要なライセンスを購入していません。",
"open_licence_menu","Open license office","Open license office","Lizenzbüro öffnen","打开许可证办公室","打開許可證辦公室","Открыть офис лицензий","Otevřít kancelář licencí","Otwórz biuro licencji","Nyissa meg az engedélyirodát","Apri l'ufficio licenze","Abrir oficina de licencias","Ouvrir le bureau des licences","Abrir escritório de licenças","ライセンスオフィスを開く",
"depend_on","Depending on","Depending on","Abhängig von","取决于","取決於","В зависимости от","V závislosti na","W zależności od","Attól függően","A seconda di","Dependiendo de","Selon","Dependendo de","に依存",
"Purchased","in possession","in possession","im Besitz","拥有","擁有","В наличии","v držení","w posiadaniu","birtokában","in possesso","en posesión","en possession","em posse","所有",
"start_crafting","Start crafting.","Start crafting.","Herstellung beginnen.","开始制作。","开始制作。","Начать изготовление.","Začít výrobu.","Rozpocznij tworzenie.","Készítés megkezdése.","Inizia la creazione.","Comenzar a fabricar.","Commencer la fabrication.","Começar a fabricar.","製作を開始",
"item_crafted","Item crafted.","Item crafted.","Gegenstand hergestellt.","物品制作完成。","物品製作完成。","Предмет изготовлен.","Položka vyrobena.","Przedmiot wykonany.","Tétel elkészült.","Articolo realizzato.","Artículo fabricado.","Article fabriqué.","Item fabricado.","アイテムが作成されました。",
"break_door","Break door","Break door","Tür aufbrechen","打破门","打破門","Взломать дверь","Zničit dveře","Zniszcz drzwi","Ajtó feltörése","Abbattere la porta","Romper la puerta","Casser la porte","Quebrar a porta","ドアを壊す",
"open_trader_menu","Open trader","Open trader","Händler öffnen","打开交易面板","打開交易面板","Открыть торговца","Otevřít obchodníka","Otwórz handlarza","Kereskedő megnyitása","Apri il commerciante","Abrir comerciante","Ouvrir le commerçant","Abrir comerciante","トレーダーを開く",
"Trader","Trader","Trader","Händler","交易员","交易員","Торговец","Obchodník","Handlarz","Kereskedő","Commerciante","Comerciante","Commerçant","Comerciante","トレーダー",
"Quantity","Quantity","Quantity","Menge","数量","數量","Количество","Množství","Ilość","Mennyiség","Quantità","Cantidad","Quantité","Quantidade","数量",
"trade_was_successful","Trade was successful.","Trade was successful.","Handel war erfolgreich.","交易成功。","交易成功。","Торговля прошла успешно.","Obchod byl úspěšný.","Handel był udany.","Az üzlet sikeres volt.","Il commercio è stato un successo.","El comercio fue exitoso.","Le commerce a réussi.","O comércio foi bem-sucedido.","取引は成功しました。",
"you_have_to_trade_minimum_one_item","You must trade at least one item.","You must trade at least one item.","Sie müssen mindestens einen Gegenstand handeln.","您必须至少交易一个物品。","您必须至少交易一个物品。","Вы должны обменять хотя бы один предмет.","Musíte obchodovat alespoň jeden předmět.","Musisz wymienić co najmniej jeden przedmiot.","Legalább egy tételt cserélned kell.","Devi scambiare almeno un articolo.","Debes intercambiar al menos un artículo.","Vous devez échanger au moins un article.","Você deve trocar pelo menos um item.","少なくとも1つのアイテムを交換する必要があります。",
"not_all_items_found_that_you_want_to_trade","Not found all items you want to trade.","Not found all items you want to trade.","Nicht alle Gegenstände gefunden, die Sie handeln möchten.","未找到您想要交易的所有物品。","未找到您想要交易的所有物品。","Не найдены все предметы, которые вы хотите обменять.","Nenalezeny všechny položky, které chcete obchodovat.","Nie znaleziono wszystkich przedmiotów, które chcesz wymienić.","Nem találta meg az összes olyan tételt, amelyet cserélni szeretne.","Non sono stati trovati tutti gli articoli che desideri scambiare.","No se encontraron todos los artículos que deseas intercambiar.","Tous les articles que vous souhaitez échanger n'ont pas été trouvés.","Não foram encontrados todos os itens que você deseja trocar.","取引したいすべてのアイテムが見つかりませんでした。",
"Inventory","Inventory","Inventory","Inventar","库存","庫存","Инвентарь","Inventář","Inwentarz","Raktár","Inventario","Inventario","Inventaire","Inventário","在庫",
"Workzon","Workzone","Workzone","Arbeitszonen","工作区","工作區","Рабочая зона","Workzone","Strefa robocza","Workzone","Zona di lavoro","Zona de trabajo","Zone de travail","Zona de Trabalho","ワークゾーン",
"tool_damage","Tool damage","Tool damage","Werkzeug Schaden","工具损坏","工具損壞","Повреждение инструмента","Poškození nástroje","Uszkodzenie narzędzia","Eszköz károsodása","Danno strumento","Daño de herramienta","Dommage d'outil","Dano de ferramenta","ツールの損傷",
"Tool","Tool","Tool","Werkzeug","工具","工具","Инструмент","Nástroj","Narzędzie","Eszköz","Strumento","Herramienta","Outil","Ferramenta","ツール",
"Yield","Yield","Yield","Ertrag","产量","產量","Доход","Výtěžek","Plon","Hozam","Resa","Rendimiento","Rendement","Rendimento","収量",
"Item","Item","Item","Gegenstand","物品","物品","Предмет","Položka","Przedmiot","Tétel","Articolo","Artículo","Article","Item","アイテム",
"chance_to_harvest","Chance to harvest","Chance to harvest","Chance zu ernten","收获机会","收穫機會","Шанс на урожай","Šance na sklizeň","Szansa na zbieranie","Lehetőség a betakarításra","Possibilità di raccolta","Oportunidad de cosecha","Chance de récolte","Chance de colheita","収穫の機会",
"Licence","Licence","Licence","Lizenz","许可证","許可證","Лицензия","Licence","Licencja","Engedély","Licenza","Licencia","Licence","Licença","ライセンス",
"transfer_money","Transfer money to player","Transfer money to player","Geld an Spieler überweisen","向玩家转账","向玩家轉帳","Перевести деньги игроку","Převést peníze hráči","Przelej pieniądze graczowi","Pénz átutalása a játékosnak","Trasferisci denaro al giocatore","Transferir dinero al jugador","Transférer de l'argent au joueur","Transferir dinheiro para o jogador","プレイヤーにお金を送金",
"no_tool_required","no tools needed","no tools needed","keine Werkzeuge benötigt","不需要工具","不需要工具","не требуются инструменты","nejsou vyžadovány žádné nástroje","nie są wymagane narzędzia","nincs szükség eszközökre","non sono necessari strumenti","no se necesitan herramientas","aucun outil requis","não são necessárias ferramentas","ツールは必要ありません",
"Give_Money_Menu","Give Money Menu","Give Money Menu","Geld geben Menü","给钱菜单","給錢菜單","Дать деньги Меню","Dej peníze Menu","Daj pieniądze Menu","Pénzt adó menü","Dare soldi Menu","Dar dinero Menú","Donner de l'argent Menu","Dê dinheiro Menu","お金を与えるメニュー",
"Give_Money","Give Money","Give Money","Geld geben","给钱","給錢","Дать деньги","Dej peníze","Daj pieniądze","Pénzt ad","Dare soldi","Dar dinero","Donner de l'argent","Dê dinheiro","お金を与える",
"Spawn","Spawn","Spawn","Spawn","生成","生成","Спаун","Spawn","Spawn","Spawn","Spawn","Spawn","Spawn","Spawn","スポーン",
"SpawnPoints","Spawn Points","Spawn Points","Spawn Punkte","生成点","生成點","Точки спауна","SpawnPoints","Punkty Spawn","Spawn pontok","Punti di spawn","Puntos de spawn","Points de spawn","Pontos de Spawn","スポーンポイント",
"Random","Random","Random","Zufällig","随机","隨機","Случайно","Náhodný","Losowo","Véletlenszerű","Casuale","Aleatorio","Aléatoire","Aleatório","ランダム",
"Civil","Civil","Civil","Zivil","平民","平民","Гражданский","Civilní","Cywilny","Civil","Civile","Civil","Civil","Civil","市民",
"Cop","Police","Police","Polizei","警察","警察","Полиция","Policie","Policja","Rendőrség","Polizia","Policía","Police","Polícia","警察",
"Medic","Medic","Medic","Medic","医生","醫生","Медик","Lékař","Lekarz","Orvos","Medico","Médico","Médecin","Médico","医者",
"Army","Army","Army","Armee","军队","軍隊","Армия","Armáda","Wojsko","Hadsereg","Esercito","Ejército","Armée","Exército","軍隊",
"Player_list","Player list","Player list","Spielerliste","玩家列表","玩家列表","Список игроков","Seznam hráčů","Lista graczy","Játékos lista","Elenco giocatori","Lista de jugadores","Liste des joueurs","Lista de jogadores","プレイヤーリスト",
"Cop_list","Police list","Police list","Polizeiliste","警察名单","警察名單","Список полицейских","Seznam policistů","Lista policjantów","Rendőr lista","Elenco poliziotti","Lista de policías","Liste de police","Lista de polícia","警察リスト",
"update_cop_list_successful","Update of the police list was successful.","Update of the police list was successful.","Aktualisierung der Polizeiliste war erfolgreich.","更新警察列表成功。","更新警察列表成功。","Обновление списка полиции прошло успешно.","Aktualizace seznamu policie byla úspěšná.","Aktualizacja listy policji zakończyła się sukcesem.","A rendőrlista frissítése sikeres volt.","L'aggiornamento dell'elenco della polizia è stato un successo.","La actualización de la lista de la policía fue exitosa.","La mise à jour de la liste de police a réussi.","A atualização da lista de polícia foi bem-sucedida.","警察リストの更新に成功しました。",
"save","Save","Save","Speichern","保存","保存","Сохранить","Uložit","Zapisz","Mentés","Salva","Guardar","Enregistrer","Salvar","保存",
"save_keys","Save keys","Save keys","Tasten speichern","保存键","保存鍵","Сохранить ключи","Uložit klávesy","Zapisz klawisze","Billentyűk mentése","Salva le chiavi","Guardar llaves","Enregistrer les touches","Salvar chaves","キーを保存",
"Loadout","Loadout","Loadout","Ausrüstung","装备","裝備","Снаряжение","Vybavení","Wyposażenie","Felszerelés","Equipaggiamento","Equipar","Équipement","Equipar","装備",
"Equip","Equip","Equip","Ausrüsten","装备","裝備","Экипировать","Vybavit","Wyposażyć","Felszerel","Equipaggiare","Equipar","Équiper","Equipar","装備",
"Apple_orchard","Apple orchard","Apple orchard","Apfelplantage","苹果园","蘋果園","Яблоневый сад","Jabloňový sad","Sad jabłoni","Almás","Melaio","Huerto de manzanas","Verger de pommiers","Pomar de maçã","リンゴ園",
"Stone_quarry","Stone quarry","Stone quarry","Steinbruch","采石场","採石場","Каменоломня","Lom","Kamieniołom","Kőbánya","Cava di pietra","Cantera de piedra","Carrière de pierre","Pedreira","石切り場",
"coal_mine","Coal mine","Coal mine","Kohlemine","煤矿","煤礦","Угольная шахта","Uhelný důl","Kopalnia węgla","Szénbánya","Miniera di carbone","Mina de carbón","Mine de charbon","Mina de carvão","炭鉱",
"Copper_mine","Copper mine","Copper mine","Kupfermine","铜矿","銅礦","Медная шахта","Měděný důl","Kopalnia miedzi","Rézbánya","Miniera di rame","Mina de cobre","Mine de cuivre","Mina de cobre","銅鉱山",
"Iron_mine","Iron mine","Iron mine","Eisenerzmine","铁矿","鐵礦","Железная шахта","Železný důl","Kopalnia żelaza","Vasbánya","Miniera di ferro","Mina de hierro","Mine de fer","Mina de ferro","鉄鉱山",
"Gold_mine","Gold mine","Gold mine","Goldmine","金矿","金礦","Золотая шахта","Zlatý důl","Kopalnia złota","Aranybánya","Miniera d'oro","Mina de oro","Mine d'or","Mina de ouro","金鉱山",
"Diamond_mine","Diamond mine","Diamond mine","Diamantenmine","钻石矿","鑽石礦","Алмазная шахта","Diamantový důl","Kopalnia diamentów","Gyémántbánya","Miniera di diamanti","Mina de diamantes","Mine de diamants","Mina de diamantes","ダイヤモンド鉱山",
"Sawmill","Sawmill","Sawmill","Sägewerk","锯木厂","鋸木廠","Лесопилка","Pila","Tartak","Fűrészmalom","Segheria","Aserradero","Scierie","Serraria","製材所",
"Cannabis_plantation","Cannabis plantation","Cannabis plantation","Cannabisplantage","大麻种植园","大麻種植園","Плантация конопли","Plantáž konopí","Plantacja konopi","Kenderültetvény","Piantagione di cannabis","Plantación de cannabis","Plantation de cannabis","Plantação de cannabis","大麻農園",
"Cocaine_plantation","Cocaine plantation","Cocaine plantation","Kokainplantage","可卡因种植园","古柯鹼種植園","Плантация кокаина","Plantáž kokainu","Plantacja kokainy","Kokainültetvény","Piantagione di cocaina","Plantación de cocaína","Plantation de cocaïne","Plantação de cocaína","コカイン農園",
"Scrap_yard","Scrap yard","Scrap yard","Schrottplatz","废品场","廢品場","Металлолом","Skládka","Złomowisko","Hulladékudvar","Ferro vecchio","Chatarrería","Ferraille","Ferro-velho","スクラップヤード",
"error_category_not_found","Category not found","Category not found","Kategorie nicht gefunden","未找到类别","未找到類別","Категория не найдена","Kategorie nenalezena","Kategoria nie znaleziona","Kategória nem található","Categoria non trovata","Categoría no encontrada","Catégorie non trouvée","Categoria não encontrada","カテゴリが見つかりません",
"open_loadout_menu","Open loadout","Open loadout","Ausrüstung öffnen","打开装备","打開裝備","Открыть снаряжение","Otevřít výbavu","Otwórz ekwipun","Felszerelés megnyitása","Apri l'equipaggiamento","Abrir equipamiento","Ouvrir l'équipement","Abrir equipamento","装備を開く",
"you_recive_a_paycheck","You have received a paycheck","You have received a paycheck","Sie haben einen Gehaltsscheck erhalten","您已收到工资支票","您已收到工资支票","Вы получили зарплату","Dostali jste výplatu","Otrzymałeś wypłatę","Fizetést kaptál","Hai ricevuto uno stipendio","Has recibido un cheque de pago","Vous avez reçu un chèque de paie","Você recebeu um cheque de pagamento","給与を受け取りました",
"you_got_arrest_in_minutes","You got arrested. Time in Minutes: ","You got arrested. Time in Minutes: ","Sie wurden verhaftet. Zeit in Minuten: ","你被逮捕了。时间（分钟）：","你被逮捕了。时间（分钟）：","Вас арестовали. Время в минутах: ","Byl jste zatčen. Čas v minutách: ","Zostałeś aresztowany. Czas w minutach: ","Letartóztattak. Időtartam percekben: ","Sei stato arrestato. Tempo in minuti: ","Fuiste arrestado. Tiempo en minutos: ","Vous avez été arrêté. Durée en minutes: ","Você foi preso. Tempo em minutos: ","あなたは逮捕されました。時間（分）：",
"you_set_arrest_to_player_in_minutes","You arrested a player. Duration in Minutes: ","You arrested a player. Duration in Minutes: ","Sie haben einen Spieler verhaftet. Dauer in Minuten: ","您逮捕了一名玩家。持续时间（分钟）：","您逮捕了一名玩家。持续时间（分钟）：","Вы арестовали игрока. Продолжительность в минутах: ","Zatkli jste hráče. Doba trvání v minutách: ","Aresztowano gracza. Czas trwania w minutach: ","Letartóztattak egy játékost. Időtartam percekben: ","Hai arrestato un giocatore. Durata in minuti: ","Arrestaste a un jugador. Duración en minutos: ","Vous avez arrêté un joueur. Durée en minutes: ","Você prendeu um jogador. Duração em minutos: ","あなたはプレイヤーを逮捕しました。時間（分）：",
"Give_Arrest_Menu","Arrest menu","Arrest menu","Verhaftungsmenü","逮捕菜单","逮捕菜單","Меню ареста","Zatčení menu","Aresztuj menu","Letartóztatás menü","Menu arresto","Menú de arresto","Menu d'arrestation","Menu de prisão","逮捕メニュー",
"escapee_player","Escapee player","Escapee player","Flüchtiger Spieler","逃犯玩家","逃犯球员","Побег из игрока","Útěk hráče","Uciekinier gracz","Szökevény játékos","Fuggitivo giocatore","Jugador fugitivo","Joueur évadé","Jogador fugitivo","逃亡者プレーヤー",
"error_arrest_time_must_be_positiv_or_null","Arrest time must be positiv or null.","Arrest time must be positiv or null.","Arrestzeit muss positiv oder null sein.","逮捕时间必须是正数或零。","逮捕時間必須是正數或零。","Время ареста должно быть положительным или нулевым.","Čas zadržení musí být kladný nebo nulový.","Czas zatrzymania musi być dodatni lub równy zeru.","A letartóztatás ideje pozitív vagy nulla kell legyen.","Il tempo di arresto deve essere positivo o nullo.","El tiempo de arresto debe ser positivo o nulo.","L'heure d'arrestation doit être positive ou nulle.","O tempo de prisão deve ser positivo ou nulo.","逮捕時間は正またはゼロでなければなりません。",
"error_arrest_time_is_not_a_int","Arrest time must be an number value.","Arrest time must be an number value.","Arrestzeit muss ein Zahlenwert sein.","逮捕时间必须是一个数字值。","逮捕時間必須是一個數字值。","Время ареста должно быть числовым значением.","Čas zadržení musí být číselnou hodnotou.","Czas zatrzymania musi być wartością liczbową.","A letartóztatás ideje számértéknek kell lennie.","Il tempo di arresto deve essere un valore numerico.","El tiempo de arresto debe ser un valor numérico.","L'heure d'arrestation doit être une valeur numérique.","O tempo de prisão deve ser um valor numérico.","逮捕時間は数値である必要があります。",
"give_arrest","Arrest player","Arrest player","Spieler verhaften","逮捕玩家","逮捕球员","Арестовать игрока","Zatknout hráče","Aresztuj gracza","Játékost letartóztat","Arresta giocatore","Arrestar jugador","Arrêter le joueur","Prender jogador","プレーヤーを逮捕",
"wanted_list","Wanted list","Wanted list","Fahndungsliste","通缉名单","通緝名單","Список разыскиваемых","Hledaný seznam","Lista poszukiwanych","Körözési lista","Lista dei ricercati","Lista de buscados","Liste des recherchés","Lista de procurados","指名手配リスト",
"ArrestTime","Arrest Time","Arrest Time","Verhaftungszeit","逮捕时间","逮捕時間","Время ареста","Čas zadržení","Czas zatrzymania","Letartóztatási idő","Tempo di arresto","Tiempo de arresto","Heure d'arrestation","Tempo de prisão","逮捕時間",
"only_for_cops","Only for cops","Only for cops","Nur für Polizisten","仅限警察","僅限警察","Только для полиции","Pouze pro policisty","Tylko dla policjantów","Csak a rendőröknek","Solo per poliziotti","Solo para policías","Réservé aux policiers","Apenas para policiais","警察専用",
"Player_Name","Name","Name","Name","名称","名稱","Имя","Jméno","Nazwa","Név","Nome","Nombre","Nom","Nome","名前",
"last_log_in_day","Last log in day","Last log in day","Letzter Login Tag","上次登录日期","上次登錄日期","Последний день входа","Poslední den přihlášení","Ostatni dzień logowania","Utolsó bejelentkezés napja","Ultimo giorno di accesso","Último día de inicio de sesión","Dernier jour de connexion","Último dia de login","最終ログイン日",
"Delete_player","Delete player","Delete player","Spieler löschen","删除玩家","刪除玩家","Удалить игрока","Smazat hráče","Usuń gracza","Játékos törlése","Elimina giocatore","Eliminar jugador","Supprimer le joueur","Excluir jogador","プレーヤーを削除",
"admin_Panel","Admin Panel","Admin Panel","Admin Panel","管理员面板","管理員面板","Панель администратора","Administrační panel","Panel administratora","Adminisztrációs panel","Pannello di amministrazione","Panel de administración","Panneau d'administration","Painel de administração","管理パネル",
"player_data_was_deleted","Player data was deleted","Player data was deleted","Spielerdaten wurden gelöscht","玩家数据已删除","播放器数据已删除","Данные игрока были удалены","Data hráče byla smazána","Dane gracza zostały usunięte","A játékos adatai törölve lettek","I dati del giocatore sono stati eliminati","Los datos del jugador fueron eliminados","Les données du joueur ont été supprimées","Os dados do jogador foram excluídos","プレイヤーデータが削除されました",
"no_player_selected","No player selected","No player selected","Kein Spieler ausgewählt","没有选择玩家","没有选择玩家","Игрок не выбран","Není vybrán žádný hráč","Nie wybrano gracza","Nincs kiválasztott játékos","Nessun giocatore selezionato","Ningún jugador seleccionado","Aucun joueur sélectionné","Nenhum jogador selecionado","プレイヤーが選択されていません",
"raid_can_not_start_wrong_time","Raid can not start,wrong time.","Raid can not start,wrong time.","Razzia kann nicht starten, falsche Zeit.","突袭无法开始，错误的时间。","突襲無法開始，錯誤的時間。","Рейд не может начаться, неправильное время.","Raid nemůže začít, špatný čas.","Raid nie może się rozpocząć, zły czas.","A rajt nem indulhat el, rossz idő.","La retata non può iniziare, tempo sbagliato.","La redada no puede comenzar, hora incorrecta.","Le raid ne peut pas commencer, mauvais moment.","A invasão não pode começar, hora errada.","レイドは開始できません、間違った時間です。",
"You_can_only_open_when_you_are_a","You can only open the trader when you are a ","You can only open the trader when you are a ","Sie können den Händler nur öffnen, wenn Sie ein ","只有当您是 ","只有当您是 ","Вы можете открыть торговца только тогда, когда вы ","Můžete otevřít obchodníka pouze tehdy, když jste ","Możesz otworzyć handlarza tylko wtedy, gdy jesteś ","Csak akkor nyithatja meg a kereskedőt, ha ","Puoi aprire il commerciante solo quando sei un ","Solo puedes abrir el comerciante cuando eres un ","Vous ne pouvez ouvrir le commerçant que lorsque vous êtes un ","Você só pode abrir o comerciante quando você é um ","あなたが ","时才能打开交易员。",
"player_was_manuel_synced","Player was manuel synced","Player was manuel synced","Spieler wurde manuell synchronisiert","玩家已手动同步","播放器已手动同步","Игрок был вручную синхронизирован","Hráč byl manuálně synchronizován","Gracz został ręcznie zsynchronizowany","A játékos manuálisan szinkronizálva lett","Il giocatore è stato sincronizzato manualmente","El jugador fue sincronizado manualmente","Le joueur a été synchronisé manuellement","O jogador foi sincronizado manualmente","プレイヤーは手動で同期されました",
"you_can_not_buy_a_car_spwan_place_is_blocked","You can not buy a car. Spawn position is currently blocked by other Item.","You can not buy a car. Spawn position is currently blocked by other Item.","Sie können kein Auto kaufen. Die Spawn-Position ist derzeit durch ein anderes Element blockiert.","您不能购买汽车。生成位置目前被其他物品阻塞。","您不能购买汽车。生成位置目前被其他物品阻塞。","Вы не можете купить машину. Позиция спавна в настоящее время заблокирована другим элементом.","Nem tudsz autót vásárolni. A születési hely jelenleg más elem által blokkolva van.","Nie możesz kupić samochodu. Pozycja generowania jest obecnie zablokowana przez inny element.","Nem vásárolhat autót. A születési hely jelenleg más elem által blokkolva van.","Non puoi comprare un'auto. La posizione di spawn è attualmente bloccata da un altro elemento.","No puedes comprar un auto. La posición de generación está actualmente bloqueada por otro elemento.","Vous ne pouvez pas acheter de voiture. La position de spawn est actuellement bloquée par un autre élément.","Você não pode comprar um carro. A posição de spawn está atualmente bloqueada por outro item.","他のアイテムによってスポーン位置がブロックされているため、車を購入できません。",
"update_car_key_list_successful","Car key list updated","Car key list updated","Autoschlüsselliste aktualisiert","汽车钥匙列表已更新","汽車鑰匙列表已更新","Список ключей автомобилей обновлен","Seznam klíčů aut aktualizován","Lista kluczy samochodów zaktualizowana","Autókulcs lista frissítve","Elenco chiavi auto aggiornato","Lista de llaves de coche actualizada","Liste de clés de voiture mise à jour","Lista de chaves de carro atualizada","車のキーリストが更新されました",
"you_can_only_buy_one_car_per_trade","You can only buy one car per trade.","You can only buy one car per trade.","Sie können pro Handel nur ein Auto kaufen.","您每次交易只能购买一辆汽车。","您每次交易只能购买一辆汽车。","Вы можете купить только одну машину за одну сделку.","Můžete koupit pouze jeden vůz za obchod.","Możesz kupić tylko jeden samochód na transakcję.","Egy kereskedésenként csak egy autót vásárolhat.","Puoi acquistare solo un'auto per scambio.","Solo puedes comprar un auto por transacción.","Vous ne pouvez acheter qu'une seule voiture par transaction.","Você só pode comprar um carro por comércio.","取引ごとに1台の車しか購入できません。",
"open_car_menu","Open car menu","Open car menu","Auto-Menü öffnen","打开汽车菜单","打開汽車菜單","Открыть меню автомобиля","Otevřít auto menu","Otwórz menu samochodowe","Autó menü megnyitása","Apri il menu dell'auto","Abrir menú de coche","Ouvrir le menu de la voiture","Abrir menu de carro","車のメニューを開く",
"CarKey","Car keys","Car keys","Autoschlüssel","汽车钥匙","汽車鑰匙","Ключи от автомобиля","Klíče od auta","Klucze samochodowe","Autókulcsok","Chiavi dell'auto","Llaves de coche","Clés de voiture","Chaves de carro","車のキー",
"Deposit_to_bank","Send to bank","Send to bank","Einzahlen auf Bank","存款到银行","存款到銀行","Депозит в банк","Vklad na banku","Depozyt do banku","Betét a bankba","Deposito in banca","Depósito en el banco","Dépôt à la banque","Depósito no banco","銀行への預金",
"Deposit_to_player","Send to player","Send to player","Einzahlen auf Spieler","存款到玩家","存款到玩家","Депозит игроку","Vklad hráči","Depozyt do gracza","Betét a játékosnak","Deposito al giocatore","Depósito al jugador","Dépôt au joueur","Depósito ao jogador","プレイヤーに送金",
"owner_is","Owner is","Owner is","Besitzer ist","所有者是","所有者是","Владелец","Vlastník je","Właściciel to","Tulajdonos","Il proprietario è","El propietario es","Le propriétaire est","O proprietário é","所有者は",
"show_owner","Show owner","Show owner","Besitzer anzeigen","显示所有者","顯示所有者","Показать владельца","Zobrazit majitele","Pokaż właściciela","Mutassa a tulajdonost","Mostra proprietario","Mostrar propietario","Afficher le propriétaire","Mostrar proprietário","所有者を表示",
"Garage","Garage","Garage","Garage","车库","車庫","Гараж","Garáž","Garaż","Garázs","Garage","Garaje","Garage","Garagem","ガレージ",
"Car_to_Stored","park in","park in","Einparken","停到车库","停放在","Припарковаться в","zaparkovat","zaparkuj w","parkoljon be","parcheggiare","aparcar en","se garer dans","estacionar em","に駐車する",
"Cars_in_Sored","Vehicle","Vehicle","Fahrzeuge","车辆","車輛","Транспортные средства","Vozidla","Pojazdy","Járművek","Veicoli","Vehículos","Véhicules","Veículos","車両",
"Store_in","park in","park in","Einparken","停到车库","停放在","Припарковаться в","zaparkovat","zaparkuj w","parkoljon be","parcheggiare","aparcar en","se garer dans","estacionar em","に駐車する",
"Store_out","park out","park out","Ausparken","停出车库","停出","Выпарковаться","vyjet","wyjedź","kijut","uscire","salir","sortir","sair","駐車する",
"car_was_parked","Car was parked","Car was parked","Auto wurde geparkt","汽车已停放","汽車已停放","Автомобиль был припаркован","Auto bylo zaparkováno","Samochód został zaparkowany","Az autó parkolva lett","L'auto è stata parcheggiata","El coche fue estacionado","La voiture a été garée","O carro foi estacionado","車が駐車されました",
"car_was_parked_out","Your car waits for you outside.","Your car waits for you outside.","Ihr Auto wurde ausgeparkt","你的车在外面等你。","你的車在外面等你。","Ваша машина ждет вас снаружи","Vaše auto na vás čeká venku.","Twój samochód czeka na ciebie na zewnątrz.","Az autója kint vár rád.","La tua macchina ti aspetta fuori.","Su auto lo espera afuera.","Votre voiture vous attend dehors.","Seu carro espera por você lá fora.","あなたの車は外であなたを待っています。",
"car_was_parked_out_some_items_can_not_placed_in_car","Your car waits for you outside. I was not able to place all items in your car. Please take look under your car.","Your car waits for you outside. I was not able to place all items in your car. Please take look under your car.","Ihr Auto wurde ausgeparkt. Ich konnte nicht alle Gegenstände in Ihr Auto legen. Bitte schauen Sie unter Ihr Auto.","您的车在外面等你。我无法将所有物品放入您的车中。请看看您的车下面。","您的車在外面等你。我無法將所有物品放入您的車中。請看看您的車下面。","Ваша машина ждет вас снаружи. Я не смог поместить все предметы в вашу машину. Пожалуйста, посмотрите под вашу машину.","Vaše auto na vás čeká venku. Nebylo možné umístit všechny položky do vašeho auta. Podívejte se pod své auto.","Twój samochód czeka na ciebie na zewnątrz. Nie udało mi się umieścić wszystkich przedmiotów w twoim samochodzie. Proszę spojrzeć pod swoje auto.","Az autója kint vár rád. Nem tudtam minden tárgyat az autójába helyezni. Kérjük, nézze meg az autója alatt.","La tua macchina ti aspetta fuori. Non sono stato in grado di mettere tutti gli oggetti nella tua auto. Dai un'occhiata sotto la tua auto.","Su auto lo espera afuera. No pude colocar todos los elementos en su auto. Por favor, eche un vistazo debajo de su auto.","Votre voiture vous attend dehors. Je n'ai pas pu placer tous les articles dans votre voiture. Veuillez regarder sous votre voiture.","Seu carro espera por você lá fora. Não foi possível colocar todos os itens em seu carro. Por favor, dê uma olhada embaixo do seu carro.","あなたの車は外であなたを待っています。私はすべてのア"
"open_car_garage_menu","Open garage","Open garage","Garage öffnen","打开车库","打開車庫","Открыть гараж","Otevřít garáž","Otwórz garaż","Garázs megnyitása","Apri il garage","Abrir garaje","Ouvrir le garage","Abrir garagem","ガレージを開く",
"car_spwan_place_is_blocked","Vehicle spawn place is blocked","Vehicle spawn place is blocked","Fahrzeug-Spawnpunkt ist blockiert","车辆生成位置被阻塞","车辆生成位置被阻塞","Место спавна транспортного средства заблокировано","Místo spawnu vozidla je blokováno","Miejsce generowania pojazdu jest zablokowane","A jármű generálási helye blokkolva van","Il luogo di spawn del veicolo è bloccato","El lugar de generación de vehículos está bloqueado","L'emplacement de spawn du véhicule est bloqué","O local de spawn do veículo está bloqueado","車両のスポーン位置がブロックされています",
"car_is_not_empty","Vehicle is not empty","Vehicle is not empty","Fahrzeug ist nicht leer","车辆不为空","车辆不为空","Транспортное средство не пустое","Vozidlo není prázdné","Pojazd nie jest pusty","A jármű nem üres","Il veicolo non è vuoto","El vehículo no está vacío","Le véhicule n'est pas vide","O veículo não está vazio","車両は空ではありません",
"no_car_selected","No vehicle selected","No vehicle selected","Kein Fahrzeug ausgewählt","没有选择车辆","没有选择车辆","Транспортное средство не выбрано","Není vybráno žádné vozidlo","Nie wybrano pojazdu","Nincs kiválasztott jármű","Nessun veicolo selezionato","Ningún vehículo seleccionado","Aucun véhicule sélectionné","Nenhum veículo selecionado","車両が選択されていません",
"car_was_successful_raided","Vehicle was successfully raided","Vehicle was successfully raided","Fahrzeug wurde erfolgreich überfallen","车辆被成功袭击","车辆被成功襲擊","Транспортное средство было успешно ограблено","Vozidlo bylo úspěšně přepadeno","Pojazd został pomyślnie zaatakowany","A jármű sikeresen megtámadva","Il veicolo è stato attaccato con successo","El vehículo fue atacado con éxito","Le véhicule a été attaqué avec succès","O veículo foi atacado com sucesso","車両は無事襲撃されました",
"car_raid_has_failed","Vehicle raid failed","Vehicle raid failed","Fahrzeugüberfall fehlgeschlagen","车辆袭击失败","车辆襲擊失敗","Не удалось ограбить транспортное средство","Přepad vozidla selhal","Atak na pojazd nie powiódł się","A jármű megtámadása sikertelen volt","L'attacco al veicolo è fallito","El ataque al vehículo ha fallado","L'attaque du véhicule a échoué","O ataque ao veículo falhou","車両襲撃に失敗しました",
"Active_Job","Active Job","Active Job","Aktiver Job","活跃工作","活躍工作","Активная работа","Aktivní práce","Aktywna praca","Aktív munka","Lavoro attivo","Trabajo activo","Emploi actif","Trabalho ativo","アクティブジョブ",
"Can_be_Job_Cop","Can be Job Cop","Can be Job Cop","Kann Cop werden","是否为警察","可以當警察","Может быть полицейским","Může to být policajt","Może być policjantem","Lehet munkás rendőr","Può essere un poliziotto","Puede ser Policía","Peut être Job Cop","Pode ser Job Cop","仕事の警察になることができます",
"Can_be_Job_Medic","Can be Job Medic","Can be Job Medic","Kann Medic werden","是否为医生","可以當醫生","Может быть медиком","Může to být zdravotník","Może być medykiem","Lehet munkás orvos","Può essere un medico","Puede ser Médico","Peut être Job Medic","Pode ser Job Medic","仕事の医者になることができます",
"emergencies","Emergencies","Emergencies","Notfälle","紧急情况","緊急情況","Чрезвычайные ситуации","Nouzové situace","Nagłe wypadki","Vészhelyzetek","Emergenze","Emergencias","Urgences","Emergências","緊急事態",
"medics_was_called","Medics was called","Medics was called","Medics wurde gerufen","医生被叫了","醫生被叫了","Медики были вызваны","Lékaři byli voláni","Lekarze zostali wezwani","Az orvosokat hívták","I medici sono stati chiamati","Los médicos fueron llamados","Les médecins ont été appelés","Os médicos foram chamados","医者が呼ばれました",
"there_is_a_new_emergency","There is a new emergency. Please open the Almanac","There is a new emergency. Please open the Almanac","Es gibt einen neuen Notfall. Bitte öffnen Sie den Almanach","有一个新的紧急情况。请打开《阿尔曼纳克》","有一個新的緊急情況。請打開《阿爾曼納克》","Есть новая чрезвычайная ситуация. Пожалуйста, откройте Альманах","Je tu nová nouzová situace. Otevřete prosím Almanach","Jest nowy wypadek. Proszę otworzyć Almanach","Van egy új vészhelyzet. Kérjük, nyissa meg az Almanachot","C'è una nuova emergenza. Si prega di aprire l'Almanacco","Hay una nueva emergencia. Por favor, abra el Almanaque","Il y a une nouvelle urgence. Veuillez ouvrir l'Almanach","Há uma nova emergência. Por favor, abra o Almanaque","新しい緊急事態があります。アルマナックを開いてください",
"Money_to_Player","Money to Player","Money to Player","Geld an Spieler","钱给玩家","钱給玩家","Деньги игроку","Peníze hráči","Pieniądze dla gracza","Pénz a játékosnak","Denaro al giocatore","Dinero al jugador","Argent au joueur","Dinheiro para o jogador","プレイヤーへのお金",
"arrestTime","Arrest time","Arrest time","Arrestzeit","逮捕时间","逮捕時間","Время ареста","Čas zadržení","Czas zatrzymania","Letartóztatási idő","Tempo di arresto","Tiempo de arresto","Heure d'arrestation","Tempo de prisão","逮捕時間",
"arrestReason","Arrest reason","Arrest reason","Arrestgrund","逮捕原因","逮捕原因","Причина ареста","Důvod zadržení","Powód zatrzymania","Letartóztatási ok","Motivo dell'arresto","Motivo del arresto","Raison de l'arrestation","Motivo da prisão","逮捕理由",
"out_parking_with_insurance","Park out with insurance","Park out with insurance","Mit Versicherung ausparken","带保险出停车","帶保險出停車","Выезд с парковкой с страховкой","Parkování s pojištěním","Wyjazd z parkingu z ubezpieczeniem","Kijutás biztosítással","Uscita con assicurazione","Salida con seguro","Sortie avec assurance","Saída com seguro","保険付きで駐車場から出る",
"car_can_not_store_is_ruined","Vehicle damage is to high. Can not park in.","Vehicle damage is to high. Can not park in.","Fahrzeugschaden ist zu hoch. Kann nicht einparken.","车辆损坏太严重。无法停放。","车辆损坏太嚴重。無法停放。","Повреждение транспортного средства слишком велико. Не могу припарковаться.","Poškození vozidla je příliš vysoké. Nemůže se zaparkovat.","Uszkodzenie pojazdu jest zbyt duże. Nie można zaparkować.","A jármű kára túl magas. Nem lehet beparkolni.","Il danno al veicolo è troppo alto. Non può parcheggiare.","El daño al vehículo es demasiado alto. No puede estacionar.","Les dommages au véhicule sont trop importants. Impossible de se garer.","O dano ao veículo é muito alto. Não pode estacionar.","車両の損傷が大きすぎます。駐車できません。",
check_insurance,Check insurance,Check insurance,Prüfe Versicherung,检查保险,檢查保險,Проверить страховку,Zkontrolujte pojištění,Sprawdź ubezpieczenie,Ellenőrizze a biztosítást,Controlla l'assicurazione,Consultar seguro,Vérifier l'assurance,Verifique o seguro,保険を確認してください,
"yes","Yes","Yes","Ja","是","是","Да","Ano","Tak","Igen","Sì","Sí","Oui","Sim","はい",
"no","No","No","Nein","没有","沒有","Нет","Ne","Nie","Nem","No","No","Non","Não","いいえ",
"has_insurance","Has insucance","Has insucance","Hat Versicherung","有保险","有保險","Есть страховка","Má pojištění","Ma ubezpieczenie","Van biztosítása","Ha assicurazione","Tiene seguro","A une assurance","Tem seguro","保険があります",
"Transfer","Transfer","Transfer","Überweisung","转账","轉賬","Перевод","Převod","Przelew","Átutalás","Trasferimento","Transferencia","Transfert","Transferência","転送",
"raid_all_ready_started","Raid all ready started","Raid all ready started","Raid bereits gestartet","突袭已经开始","突襲已經開始","Рейд уже начался","Raid již začal","Raid już się rozpoczął","A rajt már elkezdődött","La retata è già iniziata","La redada ya ha comenzado","Le raid a déjà commencé","A invasão já começou","突撃はすでに始まっています",
"payback_robt_money","Payback robt money","Payback robt money","Rückzahlung geraubtes Geld","偿还抢劫的钱","償還搶劫的錢","Возврат грабежа денег","Vrácení peněz z loupeže","Zapłać skradzione pieniądze","Rablott pénz visszafizetése","Rimborsare i soldi rubati","Devolver dinero robado","Rembourser l'argent volé","Reembolsar dinheiro roubado","強奪されたお金の返済",
"error_not_enough_money_payback","Error not enough money payback","Error not enough money payback","Fehler nicht genug Geld zurückzahlen","错误不够钱还","錯誤不夠錢還","Ошибка недостаточно денег для возврата","Chyba nedostatek peněz na vrácení","Błąd brak wystarczających pieniędzy do zwrotu","Hiba nincs elég pénz a visszafizetéshez","Errore non abbastanza soldi per il rimborso","Error no hay suficiente dinero para devolver","Erreur pas assez d'argent pour rembourser","Erro não há dinheiro suficiente para reembolsar","返済するお金が足りません",
"payback_was_successful","Payback was successful","Payback was successful","Rückzahlung war erfolgreich","偿还成功","償還成功","Возврат прошел успешно","Vrácení bylo úspěšné","Zwrot zakończył się sukcesem","A visszatérítés sikeres volt","Il rimborso è stato un successo","El reembolso fue exitoso","Le remboursement a réussi","O reembolso foi bem-sucedido","返金は成功しました",
"Tax","Tax","Tax","Steuer","税","稅","Налог","Daň","Podatek","Adó","Tassa","Impuesto","Impôt","Imposto","税",
"you_will_loose_all_money_on_you_char","Attention: You will lose all your money and items at char when you respawn.","Attention: You will lose all your money and items at char when you respawn.","Achtung: Sie verlieren all Ihr Geld und Ihre Gegenstände, wenn Sie neu starten.","注意：当您重生时，您将失去角色上的所有金钱和物品。","注意：当您重生时，您将失去角色上的所有金钱和物品。","Внимание: Вы потеряете все свои деньги и предметы на персонаже при возрождении.","Upozornění: Při respawnu ztratíte všechny peníze a položky na postavě.","Uwaga: Stracisz wszystkie pieniądze i przedmioty na postaci po respawnie.","Figyelmeztetés: Az újraindításkor elveszíti az összes pénzét és tárgyát a karakterén.","Attenzione: Perderai tutti i tuoi soldi e oggetti sul personaggio quando ti respawn.","Atención: Perderás todo tu dinero y objetos en el personaje cuando reaparezcas.","Attention: Vous perdrez tout votre argent et vos objets sur le personnage lorsque vous réapparaîtrez.","Atenção: Você perderá todo o seu dinheiro e itens no personagem quando reaparecer.","再生時にキャラクターのすべてのお金とアイテムが失われます。",
"payback_was_successful","You have paid back money:","You have paid back money:","Sie haben Geld zurückgezahlt:","您已经偿还了钱：","您已經償還了錢：","Вы вернули деньги:","Zaplatili jste zpět peníze:","Zapłaciłeś z powrotem pieniądze:","Visszafizette a pénzt:","Hai restituito i soldi:","Has devuelto dinero:","Vous avez remboursé de l'argent :","Você pagou de volta o dinheiro:","あなたはお金を返済しました：",
"bank_rob_will_finished_in","Bank raid is finished in (Minutes)","Bank raid is finished in (Minutes)","Banküberfall endet in (Minuten)","银行抢劫将在（分钟）内结束","銀行搶劫將在（分鐘）內結束","Банковский рейд закончится через (минут)","Bankovní loupež skončí za (minuty)","Rajd bankowy zakończy się za (minuty)","A bankrablás (percekben) véget ér","La rapina in banca finirà in (minuti)","El robo al banco terminará en (minutos)","Le braquage de la banque se terminera dans (minutes)","O roubo ao banco terminará em (minutos)","銀行強盗は（分）で終了します",
"nothing_is_selected","Nothing is selected","Nothing is selected","Nichts ist ausgewählt","没有选择","沒有選擇","Ничего не выбрано","Nic není vybráno","Nic nie jest wybrane","Nincs kiválasztva","Nessuna selezione","Nada está seleccionado","Rien n'est sélectionné","Nada está selecionado","何も選択されていません",
"message_is_empty","Message field is empty","Message field is empty","Nachrichtenfeld ist leer","消息字段为空","消息字段为空","Поле сообщения пусто","Pole zprávy je prázdné","Pole wiadomości jest puste","Az üzenet mező üres","Il campo del messaggio è vuoto","El campo del mensaje está vacío","Le champ de message est vide","O campo de mensagem está vazio","メッセージフィールドが空です",
"Show_Map","Show Map","Show Map","Karte anzeigen","显示地图","顯示地圖","Показать карту","Zobrazit mapu","Pokaż mapę","Térkép megjelenítése","Mostra mappa","Mostrar mapa","Afficher la carte","Mostrar Mapa","地図を表示",
"Contacts","Contacts","Contacts","Kontakte","联系人","聯絡人","Контакты","Kontakty","Kontakty","Kapcsolatok","Contatti","Contactos","Contacts","Contatos","連絡先",
"Add_Contacts","Add Contacts","Add Contacts","Kontakte hinzufügen","添加联系人","添加聯絡人","Добавить контакты","Přidat kontakty","Dodaj kontakty","Kapcsolatok hozzáadása","Aggiungi contatti","Añadir contactos","Ajouter des contacts","Adicionar Contatos","連絡先を追加",
"Player","Player","Player","Spieler","玩家","玩家","Игрок","Hráč","Gracz","Játékos","Giocatore","Jugador","Joueur","Jogador","プレイヤー",
"Date_time","Date time","Date time","Datum Zeit","日期时间","日期時間","Дата время","Datum čas","Data czas","Dátum idő","Data ora","Fecha hora","Date heure","Data hora","日時",
"Message_Preview","Message Preview","Message Preview","Nachrichtenvorschau","消息预览","消息預覽","Предварительный просмотр сообщения","Náhled zprávy","Podgląd wiadomości","Üzenet előnézet","Anteprima messaggio","Vista previa del mensaje","Aperçu du message","Visualização da mensagem","メッセージプレビュー",
"Delete_Contacts","Delete Contacts","Delete Contacts","Kontakte löschen","删除联系人","刪除聯絡人","Удалить контакты","Smazat kontakty","Usuń kontakty","Kapcsolatok törlése","Elimina contatti","Eliminar contactos","Supprimer les contacts","Excluir Contatos","連絡先を削除",
"Send_Global","Send Global","Send Global","Global senden","全球发送","全球發送","Глобальная отправка","Globální odeslání","Globalne wysyłanie","Globális küldés","Invia globale","Enviar global","Envoyer Global","Enviar Global","グローバル送信",
"SOS_Cop","SoS to Cop","SoS to Cop","SoS an Cop","SoS给警察","SoS給警察","SoS копу","SoS pro policistu","SoS do policjanta","SoS a rendőrnek","SoS al poliziotto","SoS al policía","SoS à Cop","SoS para Cop","SoS警察",
"Send_Medic","Send to Medics","Send to Medics","An Medics senden","发送给医生","發送給醫生","Отправить медикам","Odeslat lékařům","Wyślij do lekarzy","Küldés az orvosoknak","Invia ai medici","Enviar a médicos","Envoyer aux médecins","Enviar para Médicos","医者に送信",
"Delete_Message","Delete Message","Delete Message","Nachricht löschen","删除消息","刪除消息","Удалить сообщение","Smazat zprávu","Usuń wiadomość","Üzenet törlése","Elimina messaggio","Eliminar mensaje","Supprimer le message","Excluir mensagem","メッセージを削除",
"replay_to_player","Replay to player","Replay to player","Antwort an Spieler","回复给玩家","回复給玩家","Ответить игроку","Odpovědět hráči","Odpowiedz graczowi","Válasz a játékosnak","Rispondi al giocatore","Responder al jugador","Répondre au joueur","Responder ao jogador","プレイヤーに返信",
"send_to_online_player","Send to online player","Send to online player","An Online-Spieler senden","发送给在线玩家","發送給在線玩家","Отправить онлайн-игроку","Odeslat online hráči","Wyślij do gracza online","Küldés online játékosnak","Invia al giocatore online","Enviar al jugador en línea","Envoyer au joueur en ligne","Enviar para o jogador online","オンラインプレイヤーに送信",
"send_to_contact","Send to contact","Send to contact","An Kontakt senden","发送给联系人","發送給聯絡人","Отправить контакту","Odeslat kontaktu","Wyślij do kontaktu","Küldés a kapcsolatnak","Invia al contatto","Enviar al contacto","Envoyer au contact","Enviar para o contato","連絡先に送信",
"Message_Menu","Messages","Messages","Nachrichten","消息","消息","Сообщения","Zprávy","Wiadomości","Üzenetek","Messaggi","Mensajes","Messages","Mensagens","メッセージ",
"your_message","Your message","Your message","Ihre Nachricht","您的消息","您的消息","Ваше сообщение","Vaše zpráva","Twoja wiadomość","Az üzeneted","Il tuo messaggio","Tu mensaje","Votre message","Sua mensagem","あなたのメッセージ",
"message_was_send","Message was send","Message was send","Nachricht wurde gesendet","消息已发送","消息已發送","Сообщение отправлено","Zpráva byla odeslána","Wiadomość została wysłana","Az üzenet elküldve","Il messaggio è stato inviato","El mensaje fue enviado","Le message a été envoyé","A mensagem foi enviada","メッセージが送信されました",
you_got_a_message,You got a message,You got a message,Du hast eine neue Nachricht,您收到一条消息,您收到一條消息,У тебя есть сообщение,Máte zprávu,Dostałeś wiadomość,Van egy üzeneted,Hai ricevuto un messaggio,Tienes un mensaje,Vous avez un message,Você recebeu uma mensagem,メッセージが届きました,
you_can_not_answer_this_message_missing_sender_id,"You can not answer this message,missing sender id","You can not answer this message,missing sender id",Du kannst auf diese Nachricht nicht antworten. Fehlende Absender ID,您无法回答此消息，缺少发件人ID,您無法回答此消息，缺少發件人ID,"Вы не можете ответить на это сообщение, отсутствует идентификатор отправителя","Na tuto zprávu nemůžete odpovědět, chybí ID odesílatele","Nie możesz odpowiedzieć na tę wiadomość, brak identyfikatora nadawcy","Nem válaszolhat erre az üzenetre, hiányzik a feladó azonosítója","Non puoi rispondere a questo messaggio, manca l'ID mittente","No puede contestar este mensaje, falta la identificación del remitente","Vous ne pouvez pas répondre à ce message, identifiant d'expéditeur manquant","Você não pode responder a esta mensagem, ID de remetente ausente",送信者IDがないため、このメッセージに回答できません,
recipient_is_not_online_you_can_not_answer,"Recipient is not online,you can not answer.","Recipient is not online,you can not answer.","Empfänger ist nicht online,du kannst nicht antworten.",收件人不在线，您无法回答。,收件人不在網上，您無法回答。,"Получатель не в сети, вы не можете ответить.","Příjemce není online, nemůžete odpovědět.","Odbiorca nie jest online, nie możesz odpowiedzieć.","A címzett nincs online állapotban, nem tud válaszolni.","Il destinatario non è online, non puoi rispondere.","El destinatario no está en línea, no puede responder.","Le destinataire n'est pas en ligne, vous ne pouvez pas répondre.","O destinatário não está online, você não pode responder.",受信者はオンラインではありません、あなたは答えることができません。,
inbox,Inbox,Inbox,Eingang,收件箱,收件箱,Входящие,Doručená pošta,W pudełku,Beérkező levelek,Posta in arrivo,Bandeja de entrada,Boîte de réception,Caixa de entrada,受信トレイ,
outbox,Outbox,Outbox,Ausgang,发件箱,發件箱,Исходящие,K odeslání,Skrzynka nadawcza,Kimenő,Posta in uscita,Bandeja de salida,Boîte d'envoi,Caixa de fora,送信トレイ,
hospital_heal_will_enabled,Hospital heal possible in:,Hospital heal possible in:,Krankenhausheilung möglich in:,等待医院腾出空床：,醫院可以通過以下方式治愈：,Больничное лечение возможно в:,Nemocniční uzdravení možné v:,Leczenie szpitalne możliwe w:,Kórházi gyógyulás lehetséges:,Guarigione ospedaliera possibile in:,Curación hospitalaria posible en:,Guérison hospitalière possible dans:,A cura hospitalar é possível em:,可能な病院の治癒：,
kill_will_enabled,Kill is possible in:,Kill is possible in:,Sterben ist möglich in:,放弃治疗：,可以在以下情況中殺死：,Убить можно:,Zabít je možné v:,Zabijanie jest możliwe w:,A gyilkolás lehetséges:,Uccidere è possibile in:,Matar es posible en:,Tuer est possible dans:,É possível matar em:,キルは次の場所で可能です：,
you_are_not_the_owner_can_not_change,"You are not the owner, you can not change it.","You are not the owner, you can not change it.","Sie sind nicht der Eigentümer, Sie können es nicht ändern.",您不是所有者，无法更改。,您不是所有者，無法更改。,"Вы не являетесь владельцем, вы не можете его изменить.","Nejste vlastníkem, nemůžete to změnit.","Nie jesteś właścicielem, nie możesz tego zmienić.","Ön nem a tulajdonos, nem változtathatja meg.","Non sei il proprietario, non puoi cambiarlo.","No eres el propietario, no puedes cambiarlo.","Vous n'êtes pas le propriétaire, vous ne pouvez pas le changer.","Você não é o dono, você não pode mudá-lo.",あなたは所有者ではありません。変更することはできません。,
player_was_not_found,Player was not found.,Player was not found.,Spieler wurde nicht gefunden.,找不到玩家。,找不到播放器。,Игрок не найден.,Hráč nebyl nalezen.,Nie znaleziono gracza.,A lejátszó nem található.,Il giocatore non è stato trovato.,No se encontró el jugador.,Le joueur n'a pas été trouvé.,O jogador não foi encontrado.,プレーヤーが見つかりませんでした。,
owner_has_changed,Owner has changed.,Owner has changed.,Besitzer hat sich geändert.,所有者已更改。,所有者已更改。,Владелец сменился.,Vlastník se změnil.,Właściciel się zmienił.,Tulajdonos megváltozott.,Il proprietario è cambiato.,El propietario ha cambiado.,Le propriétaire a changé.,O proprietário mudou.,所有者が変更されました。,
change_owner_to,Change owner to,Change owner to,Besitzer wechseln zu,将所有者更改为,將所有者更改為,Сменить владельца на,Změnit vlastníka na,Zmień właściciela na,Tulajdonos módosítása erre:,Cambia proprietario in,Cambiar propietario a,Changer de propriétaire en,Alterar proprietário para,所有者をに変更します,
change_owner,Change owner,Change owner,Besitzer wechseln,变更拥有者,變更擁有者,Сменить владельца,Změnit vlastníka,Zmiana właściciela,Tulajdonos cseréje,Cambiare proprietario,Cambio de propietario,Changer de propriétaire,Alterar proprietário,所有者を変更する,
there_is_one_shop_robbery_run_at_the_moment,There is already one shop robbery at the moment. You cant start it.,There is already one shop robbery at the moment. You cant start it.,Derzeit gibt es bereits einen Ladenraub. Du kannst es nicht starten.,目前已经有一家商店抢劫案。 您无法启动。,目前已經有一家商店搶劫案。 您無法啟動。,На данный момент уже произошло одно ограбление магазина. Вы не можете его запустить.,V tuto chvíli již existuje jedna krádež v obchodě. Nemůžeš to spustit.,W tej chwili jest już jeden napad na sklep. Nie możesz tego zacząć.,Jelenleg már egy boltrablás van. Nem tudod elindítani.,Al momento c'è già una rapina in negozio. Non puoi avviarlo.,Ya hay un robo en una tienda en este momento. No puedes iniciarlo.,Il y a déjà un vol de magasin en ce moment. Vous ne pouvez pas le démarrer.,Já existe um assalto a uma loja no momento. Você não pode começar.,現在、すでに1つの店の強盗があります。 あなたはそれを開始することはできません。,
one_shop_is_already_robt_take_the_money_there,One shop has already been robbed. Take the money from this shop.,One shop has already been robbed. Take the money from this shop.,Ein Geschäft wurde bereits ausgeraubt. Nim das Geld aus diesem Shop.,一家商店已被抢劫。 从这家商店拿钱。,一家商店已被搶劫。 從這家商店拿錢。,Один магазин уже ограбили. Возьми деньги из этого магазина.,Jeden obchod již byl okraden. Vezměte peníze z tohoto obchodu.,Jeden sklep został już okradziony. Weź pieniądze z tego sklepu.,Egy boltot már kiraboltak. Vedd el a pénzt ebből az üzletből.,Un negozio è già stato rapinato. Prendi i soldi da questo negozio.,Ya han robado una tienda. Coge el dinero de esta tienda.,Un magasin a déjà été cambriolé. Prenez l'argent de cette boutique.,Uma loja já foi roubada. Pegue o dinheiro desta loja.,すでに1店舗が奪われています。 この店からお金を取りなさい。,
rob_raid_was_started,Shop robbery has been launched.,Shop robbery has been launched.,Ladenüberfall wurde gestartet.,商店抢劫已经展开。,商店搶劫已經展開。,Началось ограбление магазина.,Byla zahájena loupež.,Rozpoczęto napad na sklep.,Boltrablás indult.,La rapina in negozio è stata lanciata.,Se ha iniciado el robo de una tienda.,Le vol d'atelier a été lancé.,Roubo de loja foi lançado.,ショップ強盗が開始されました。,
max_money_for_shop_rob_reached_take_fast_the_money,Maximum loot for the shop robbery has been reached. Take the money.,Maximum loot for the shop robbery has been reached. Take the money.,Maximales Beute für den Ladenüberfall ist erreicht. Nimm das Geld.,已达到抢劫商店的最大赃物。 拿钱,已達到搶劫商店的最大贓物。 拿錢,Достигнуто максимальное количество добычи за ограбление магазина. Взять деньги.,Bylo dosaženo maximální kořisti za krádež obchodu. Vezměte si peníze.,Osiągnięto maksymalną liczbę łupów za napad na sklep. Weź pieniądze.,Elérték az üzletrablás maximális zsákmányát. Vedd el a pénzt.,È stato raggiunto il bottino massimo per la rapina in negozio. Prendi i soldi.,Se ha alcanzado el botín máximo por el robo de la tienda. Toma el dinero.,Le butin maximum pour le vol d'atelier a été atteint. Prenez l'argent.,O saque máximo para o roubo da loja foi atingido. Pegue o dinheiro.,店の強盗の最大戦利品に達しました。 お金を取りなさい。,
max_money_for_shop_rob_reached_take_fast_the_money,The maximum duration for shop robbery has been reached. Take the money.,The maximum duration for shop robbery has been reached. Take the money.,Die maximale Dauer für Ladenüberfall ist erreicht. Nimm das Geld.,已达到抢劫商店的最长期限。 拿钱,已達到搶劫商店的最長期限。 拿錢,Достигнута максимальная продолжительность ограбления магазина. Взять деньги.,Bylo dosaženo maximální doby loupeže v obchodě. Vezměte si peníze.,Osiągnięto maksymalny czas trwania napadu na sklep. Weź pieniądze.,Elérték az üzletrablás maximális időtartamát. Vedd el a pénzt.,È stata raggiunta la durata massima per rapina in negozio. Prendi i soldi.,Se ha alcanzado la duración máxima para el robo de una tienda. Toma el dinero.,La durée maximale du vol d'atelier a été atteinte. Prenez l'argent.,A duração máxima para roubo de loja foi atingida. Pegue o dinheiro.,店の強盗の最大期間に達しました。 お金を取りなさい。,
police_was_informed_that_you_raid_the_shop,"Police was informed, that you rob the shop.","Police was informed, that you rob the shop.","Die Polizei wurde informiert, dass du den Laden ausraubst.",警方被告知，您抢劫了商店。,警方被告知，您搶劫了商店。,"Полиции сообщили, что вы ограбили магазин.","Policie byla informována, že vyloupíte obchod.","Policja została poinformowana, że obrabowałeś sklep.","A rendőrséget arról tájékoztatták, hogy kirabolja az üzletet.",La polizia è stata informata che hai rapinato il negozio.,Se informó a la policía que robaste la tienda.,La police a été informée que vous cambriolez le magasin.,A polícia foi informada de que você roubou a loja.,警察はあなたが店を奪ったと知らされました。,
shop_is_raided_by_sender,A shop is robt by:,A shop is robt by:,Ein Geschäft wird ausgeraubt von:,一家商店因以下原因而被抢劫：,一家商店搶劫的原因是：,Магазин грабят:,Obchod okrádá:,Sklep okrada:,Az üzletet az alábbiak határozzák meg:,Un negozio è stato derubato da:,Una tienda es robada por:,Un magasin est volé par:,Uma loja é roubada por:,ショップは次の人によって奪われています：,
you_can_not_take_the_money_wrong_position,"You can't take the loot here, wrong deal.","You can't take the loot here, wrong deal.","Du kannst die Beute hier nicht nehmen, falsches Geschäft.",您不能在这里抢劫，交易不正确。,您不能在這裡掠奪物品，交易不正確。,"Вы не можете взять добычу здесь, неправильная сделка.","Nemůžete tu kořist vzít, špatně.","Nie możesz tu zabrać łupu, zła umowa.","Nem viheti el a zsákmányt, rossz üzlet.","Non puoi prendere il bottino qui, affare sbagliato.","No puedes llevarte el botín aquí, trato equivocado.","Vous ne pouvez pas prendre le butin ici, mauvaise affaire.","Você não pode pegar o saque aqui, negócio errado.",あなたはここで戦利品を取ることはできません、間違った取引。,
there_is_no_money_to_take,There is no money to take. Start a robbery first.,There is no money to take. Start a robbery first.,Es gibt kein Geld zu nehmen. Starte zuerst einen Raubüberfall.,没有钱可以拿。 首先开始抢劫。,沒有錢可以拿。 首先開始搶劫。,Денег брать нет. Сначала начните ограбление.,"Nejsou peníze, které by se daly vzít. Nejprve začněte loupež.",Nie ma pieniędzy do wzięcia. Najpierw rozpocznij napad.,Nincs elvihető pénz. Kezdj el először egy rablást.,Non ci sono soldi da prendere. Inizia prima una rapina.,No hay dinero para tomar. Inicia un atraco primero.,Il n'y a pas d'argent à prendre. Commencez d'abord un braquage.,Não há dinheiro para levar. Comece um assalto primeiro.,取るお金はありません。 最初に強盗を開始します。,
there_is_one_bank_robbery_run_at_the_moment, There is already one bank robbery at the moment. You cant start it.,There is already one bank robbery at the moment. You cant start it.,Derzeit gibt es bereits einen Banküberfall. Du kannst es nicht starten.,目前已经发生了一起银行抢劫案。 您无法启动。,目前已經發生了一起銀行搶劫案。 您無法啟動。,На данный момент уже произошло одно ограбление банка. Вы не можете его запустить.,V tuto chvíli již existuje jedna bankovní loupež. Nemůžeš to spustit.,W tej chwili jest już jeden napad na bank. Nie możesz tego zacząć.,Jelenleg már egy bankrablás van. Nem tudod elindítani.,Al momento c'è già una rapina in banca. Non puoi avviarlo.,  Ya hay un atraco a un banco en este momento. No puedes iniciarlo.,  Il y a déjà un vol de banque en ce moment. Vous ne pouvez pas le démarrer.,  Já existe um assalto a banco no momento. Você não pode começar.,  現在、銀行強盗はすでに1件あります。 あなたはそれを開始することはできません。,
rob_shop,Rob shop,Rob shop,Shop überfallen,抢店,搶店,Грабить магазин,Rob shop,Rob sklep,Rob bolt,Rob shop,Rob tienda,Boutique Rob,Loja de rob,ロブショップ,
rob_raid_was_stopped,Shop raid was stopped,Shop raid was stopped,Shopüberfall wurde gestoppt.,商店突袭行动已停止,商店突襲行動已停止,Рейд в магазине остановлен,Nájezd do obchodu byl zastaven,Napad na sklep został zatrzymany,A bolti rajtaütést leállították,Il raid in negozio è stato fermato,Se detuvo la redada en la tienda,Le raid dans la boutique a été arrêté,A invasão da loja foi interrompida,ショップレイドは停止されました,
raid_can_started_earliest_in,Raid can started earliest in,Raid can started earliest in,Überfall führestens in,突袭最早可以开始,突襲最早可以開始,Рейд может начаться раньше всего в,Raid může začít nejdříve v,Najazd można rozpocząć najwcześniej w,A Raid leghamarabb kezdődhet,Il raid può essere avviato prima in,La incursión puede comenzar antes en,Le raid peut commencer le plus tôt,A invasão pode começar logo em,RAIDは最も早く開始できます,
seconds,seconds,seconds,Sekunden,秒,秒,секунды,sekundy,sekundy,másodpercig,secondi,segundos,secondes,segundos,秒,
raid_can_not_start_to_less_cops,"Raid can not start,to less cops on server","Raid can not start,to less cops on server","Überfall kann nicht gestartet werden,zu wenig Polizisten auf dem Server.",突袭无法开始，以减少服务器上的警察,突襲無法開始，以減少服務器上的警察,"Рейд не запускается, чтобы меньше копов на сервере","Raid nelze spustit, aby méně policajtů na serveru","Nie można rozpocząć nalotu, ponieważ na serwerze jest mniej gliniarzy","A Raid nem tud elindulni, kevesebb zsarun a szerveren","Raid non può iniziare, a meno poliziotti sul server","Raid no puede comenzar, a menos policías en el servidor","Le raid ne peut pas démarrer, à moins de flics sur le serveur","Raid não pode começar, para menos policiais no servidor",サーバー上の警官を減らすために、RAIDを開始できません,
one_bank_rob_is_already_started,A bank robbery has already been started. Shoplifting cannot be started.,A bank robbery has already been started. Shoplifting cannot be started.,Ein Bankraub wurde bereits gestartet. Ladenraub kann nicht gestarted werde.,抢劫银行已经开始。 无法开始入店行窃。,搶劫銀行已經開始。 無法開始入店行竊。,Ограбление банка уже началось. Кража в магазине не может быть начата.,Bankovní loupež již byla zahájena. Krádež v obchodě nelze spustit.,Napad na bank już się rozpoczął. Nie można rozpocząć kradzieży w sklepie.,Bankrablás már megkezdődött. A bolti lopás nem indítható el.,È già iniziata una rapina in banca. Il taccheggio non può essere avviato.,Ya se inició un robo a un banco. No se puede iniciar el hurto.,Un braquage de banque a déjà commencé. Le vol à l'étalage ne peut pas être commencé.,Um assalto a banco já foi iniciado. O furto em lojas não pode ser iniciado.,銀行強盗はすでに始まっています。 万引きを開始できません。,
one_shop_rob_is_already_started,A shop robbery has already been started. Bank robbery cannot be started.,A shop robbery has already been started. Bank robbery cannot be started.,Ein Ladenraub hat bereits begonnen. Kann nicht gestarted werde.,抢劫商店已经开始。 无法开始抢劫银行。,搶劫商店已經開始。 無法開始搶劫銀行。,Ограбление магазина уже началось. Ограбление банка не может быть начато.,Loupež v obchodě již byla zahájena. Nelze spustit bankovní loupež.,Napad na sklep już się rozpoczął. Nie można rozpocząć napadu na bank.,Bolti rablás már megkezdődött. Bankrablás nem indítható el.,È già stata avviata una rapina in negozio. La rapina in banca non può essere avviata.,Ya se ha iniciado un robo en una tienda. No se puede iniciar el robo de un banco.,Un vol de magasin a déjà commencé. Le vol de banque ne peut pas être commencé.,O assalto à loja já foi iniciado. O assalto a banco não pode ser iniciado.,店の強盗はすでに始まっています。 銀行強盗は開始できません。,
create_ticket,Create a ticket,Create a ticket,Ein Ticket erstellen,创建一个票据,創建票證,Создать билет,Vytvořit lístek,Tworzenie biletu,Jegy létrehozása,Creare un biglietto,Crear un billete,Créer un ticket,Criar um bilhete,チケットの作成,
create_ticket_menu,Create ticket menu,Create ticket menu,Menü Ticket erstellen,创建票据菜单,創建票證菜單,Создать меню билетов,Nabídka Vytvořit tip,"Menu ""Utwórz bilet",Jegy létrehozása menü,Menu Crea biglietto,Menú de creación de tickets,Menu Créer un ticket,Criar menu de bilhetes,チケット作成メニュー,
ticket_reason,Reason,Reason,Grund,原因,原因,Причина,Důvod,Powód,Ok,Motivo,Motivo,Motif,Motivo,理由,
ticket_fine,Dunning fee,Dunning fee,Mahngebühr,退票费,催款費,Сумма сбора за проезд,Poplatek za dunning,Opłata za wydalenie,Emlékeztetési díj,Tassa di stordimento,Tasa de reclamación,Frais de relance,Taxa de cobrança,罰金,
you_got_a_ticket,You got a ticket,You got a ticket,Sie haben ein Ticket bekommen,你得到了一张罚单,你有票,У тебя есть билет,Dostali jste letenku,Otrzymałeś bilet,Jegyet kapott,Hai ricevuto un biglietto,Has recibido un ticket,Vous avez reçu un ticket,Tem um bilhete,チケットを取得した,
you_gave_a_player_a_ticket,You gave a player a ticket,You gave a player a ticket,Sie haben einem Spieler ein Ticket gegeben,你给了一个玩家一张票,你給玩家一張票,Ты дал игроку билет,Dali jste hráči vstupenku,Dałeś graczowi bilet,Jegyet adtál egy játékosnak,Hai dato un biglietto a un giocatore,Has dado un ticket a un jugador,Vous avez donné un ticket à un joueur,Deu a um jogador um bilhete,プレイヤーにチケットを渡した,
give_a_ticket,Give a ticket,Give a ticket,Ein Ticket geben,给予票据,出票,Дайте билет,Dát lístek,Wystaw bilet,Jegyet adtál,Dare un biglietto,Dar un ticket,Donner un ticket,Dar um bilhete,チケットを渡す,
no_ticket_selected,No ticket selected.,No ticket selected.,Kein Ticket ausgewählt.,没有选择票据。,未選擇票證。,Билеты не выбраны.,Nebyl vybrán žádný lístek.,Nie wybrano biletu.,Nincs kiválasztott jegy.,Nessun biglietto selezionato.,No se ha seleccionado ningún ticket.,Aucun ticket sélectionné.,Nenhum bilhete seleccionado.,チケットが選択されていません。,
ticket_was_paid,Ticket was paid.,Ticket was paid.,Ticket wurde bezahlt.,罚单已付。,機票已付。,Билет был оплачен.,Vstupenka byla zaplacena.,Bilet został zapłacony.,A jegyet kifizették.,Il biglietto è stato pagato.,Se ha pagado el ticket.,Le ticket a été payé.,O bilhete foi pago.,チケットが支払われました。,
pay_ticket,Pay ticket,Pay ticket,Ticket bezahlen,支付票据,支付票,Оплатить билет,Zaplatit jízdenku,Zapłać bilet,Jegy kifizetése,Paga il biglietto,Pagar ticket,Payer le ticket,Bilhete pago,チケットの支払い,
reason,Reason,Reason,Grund,原因是,原因,Причина,Důvod,Powód,Ok,Motivo,Motivo,Raison,Motivo,理由,
dunning_fee,Dunning fee,Dunning fee,Mahngebühr,补票费,催款費,Сумма сбора за проезд,Poplatek za dunning,Opłata Dunning,Emlékeztetési díj,Tassa di sbarramento,Tasa de reclamación,Frais de relance,Taxa de cobrança,手数料がかかる,
date,Date,Date,Datum,日期,日期,Дата,Datum,Data,Dátum,Data,Fecha,Date,Data,日付,
count,Count,Count,Anzahl,数目,數數,Посчитать,Počet,Licznik,Számlálás,Conteggio,Cuenta,Compte,Conde,回数,
value,Value,Value,Wert,价值,價值,Значение,Hodnota,Wartość,Érték,Valore,Valor,Valeur,Valor,金額,
cop_panel,Cop Internal,Cop Internal,Polizei intern,内部警察,警察內部,Внутренний коп,Policista Interní,Cop Wewnętrzny,Zsaru Belső,Poliziotto interno,Policía interno,Flic interne,Cópia Interna,コピー・インターナル,
Cop_Rank,Available Cop Ranks,Available Cop Ranks,Verfügbare Polizei Ränge,可用警衔,可用警銜,Доступные полицейские звания,Dostupné policejní hodnosti,Dostępne stopnie policji,Rendelkezésre álló rendőri rangok,Gradi di polizia disponibili,Rangos policiales disponibles,Grades de police disponibles,patentes policiais disponíveis,利用可能な警察のランク,
Medic_Rank,Available Medic Ranks,Available Medic Ranks,Verfügbare Sanitäter Ränge,可用的医生等级,可用的醫生等級,Доступные ранги медика,Dostupné hodnosti mediků,Dostępne stopnie Medyka,Rendelkezésre álló orvosi rangok,Gradi medici disponibili,Rangos de Medic disponibles,Rangs Medic disponibles,Classificações de médicos disponíveis,利用可能なメディックランク,
Army_Rank,Available Army Ranks,Available Army Ranks,Verfügbare Armee Ränge,可用的军衔,可用的軍銜,Доступные армейские звания,Dostupné armádní hodnosti,Dostępne stopnie armii,Rendelkezésre álló hadsereg fokozatai,Gradi dell'esercito disponibili,Rangos de ejército disponibles,Grades d'armée disponibles,Postos do Exército Disponíveis,利用可能な軍の階級,
Rank,Current Rank,Current Rank,Aktueller Rang,当前排名,當前排名,Текущее место в рейтинге,Aktuální hodnost,Aktualna pozycja,Jelenlegi rang,Grado attuale,Posición actual,Rang actuel,Rank atual,現在のランク,
Army_list,Army list,Army list,Armee Liste,军队名单,軍隊名單,армейский список,armádní seznam,lista wojskowa,hadsereg listája,lista dell'esercito,lista del ejercito,liste de l'armée,lista do exército,軍隊リスト,
Army,army,army,Armee,军队,軍隊,армия,armáda,armia,hadsereg,esercito,Ejército,armée,Exército,軍,
FractionMenu,Faction Menu,Faction Menu,Fraktion Menü,派别菜单,派系菜單,меню фракции,menu frakce,menu frakcji,frakció menü,menu di fazione,menú de facciones,menu des factions,menu de facção,派閥メニュー,
Trader_Storage,Trader Storage,Trader Storage,Händler Lager,经销商库存,經銷商倉庫,дилерский склад,dealerský sklad,magazyn dealera,kereskedő raktár,magazzino del rivenditore,almacén del distribuidor,entrepôt du concessionnaire,armazém do revendedor,ディーラー倉庫,
Fraction_Cash,Faction Cash,Faction Cash,Fraktion Guthaben,分数信用,派系信用,кредит фракции,frakční kredit,kredyt frakcji,frakcióhitel,credito di fazione,crédito de facción,crédit de faction,crédito de facção,派閥クレジット,
Store_in_Fraction,Park in Faction,Park in Faction,Einparken Fraktion,停车分数,停車派,парковочная фракция,parkovací frakce,frakcja parkingowa,parkoló frakció,fazione di parcheggio,facción de estacionamiento,faction de stationnement,facção de estacionamento,駐車場派,
unlimited,unlimited,unlimited,unbegrenzt,无限的,無限,неограниченный,neomezený,bez limitu,korlátlan,illimitato,ilimitado,illimité,ilimitado,無制限,
you_buy_too_much,You buy too much,You buy too much, Du kaufst zu viel, 你买得太多了,  你買太多了,  ты покупаешь слишком много,  kupujete příliš mnoho,  kupujesz za dużo,  túl sokat veszel,  compri troppo,  compras demasiado,  tu achètes trop,  você compra demais,  買いすぎ,
you_sell_too_much,You sell too much,You sell too much, Du verkaufst zu viel, 你卖得太多了,  你賣得太多了,  ты слишком много продаешь,  prodáváš příliš mnoho,  sprzedajesz za dużo,  túl sokat adsz el,  vendi troppo,  vendes demasiado,  tu vends trop,  você vende muito,  売りすぎ,
Access_Bank_Account,Access Bank Account,Access Bank Account,Zugang Bankkonto,进入银行账户,訪問銀行賬戶,Доступ к банковскому счету,Přístup k bankovnímu účtu,Uzyskaj dostęp do konta bankowego,Hozzáférés a bankszámlához,Accedi al conto bancario,Acceder a cuenta bancaria,Accéder au compte bancaire,Acessar conta bancária,銀行口座にアクセスする,
Get_Money_From_Bank,Get Money From Bank,Get Money From Bank,Geld von Bank abheben,从银行取款,從銀行取錢,снять деньги с банка,vybrat peníze z banky,wypłacić pieniądze z banku,pénzt felvenni a bankból,prelevare denaro dalla banca,retirar dinero del banco,retirer de l'argent de la banque,sacar dinheiro do banco,銀行からお金を引き出す,
Access_Fraction_Garage,Access Faction Garage,Access Faction Garage,Zugang Fraktionsgarage,进入派别车库,訪問派系車庫,Доступ к гаражу фракции,Přístup do garáže frakce,Uzyskaj dostęp do garażu frakcji,Access frakció garázs,Accedi al garage della fazione,Acceso al garaje de la facción,Accéder au garage de la faction,Acessar a garagem da facção,派閥ガレージにアクセス,
Fraction_Invitations,Faction Invitations,Faction Invitations,Fraktionseinladungen,分数邀请函,派系邀請,фракция приглашает,frakce zve,zaproszenia do frakcji,frakció meghívja,invita la fazione,invitaciones de facción,invitations de faction,convites de facção,派閥は招待します,
Accept_Invitation,Accept Invitation,Accept Invitation,Einladung akzeptieren,接受邀请,接受邀請,принять приглашение,přijmout pozvání,przyjąć zaproszenie,elfogadom a meghívót,accetta l'invito,aceptar la invitacion,accepter l'invitation,aceitar convite,招待を受ける,
Fraction_Leave,Faction Leave,Faction Leave,Fraktion verlassen,离开派别,離開派系,покинуть фракцию,opustit frakci,opuścić frakcję,hagyja el a frakciót,lasciare la fazione,dejar facción,quitter la faction,deixar facção,派閥を離れる,
Create_Faction,Create Faction,Create Faction,Fraktion gründen,创建一个派别,創建派系,создать фракцию,vytvořit frakci,stworzyć frakcję,hozzon létre egy frakciót,creare una fazione,crear una facción,créer une faction,criar uma facção,派閥を作成する,
My_rights,My rights,My rights,Meine Rechte,我的权利,我的權利,Мои права,Moje práva,Moje prawa,A jogaim,I miei diritti,Mis derechos,Mes droits,Meus direitos,私の権利,
Open_Invitations,Open Invitations,Open Invitations,Offene Einladungen,公开邀请,打開邀請,Открытые приглашения,Otevřete pozvánky,Otwórz zaproszenia,Meghívók megnyitása,Inviti aperti,Invitaciones abiertas,Invitations ouvertes,Abrir convites,招待状を開く,
Fraction_Delete,Faction Delete,Faction Delete,Fraktion Löschen,删除派别,刪除派系,Удалить фракцию,Smazat frakci,Usuń frakcję,Frakció törlése,Elimina fazione,Eliminar facción,Supprimer la faction,Excluir facção,派閥を削除する,
car_can_only_stored_in_fraction_garage, Car can only stored in fraction garage,Car can only stored in fraction garage, Auto kann nur in der Fraktionsgarage geparkt werden,汽车只能存放在小车库里,  車只能停在派系車庫,  Машину можно оставить только в гараже фракции.,  Auto lze zaparkovat pouze v garáži frakce,  Samochód można zaparkować tylko w garażu frakcji,  Az autót csak a garázsban lehet parkolni,  L'auto può essere parcheggiata solo nel garage della fazione,  El coche solo se puede aparcar en el garaje de la facción.,  La voiture ne peut être garée que dans le garage de la faction,  O carro só pode ser estacionado na garagem da facção,  車は派閥ガレージにのみ駐車できます,
Pay_out_Fraction, Pay out from Faction, Pay out from Faction, Auszahlung Fraktionskasse,支付派别国库的费用,  支付部分現金,  Выплата дробными деньгами,  Výplata zlomkové hotovosti,  Wypłata ułamkowa gotówki,  Kifizetés töredékes készpénzben,  Pagamento frazionario in contanti,  Pago fraccionario en efectivo,  Paiement fractionné en espèces,  Pagamento fracionário em dinheiro,  端数現金の支払い,
Cash_Transfer_Fraction, Cash transfer from Faction, Cash transfer from Faction, Geld aus Fraktionskasse senden,从议会小组库房寄钱,  從派系資金中匯款,  Отправить деньги из фондов фракции,  Pošlete peníze z frakčních fondů,  Wysyłaj pieniądze z funduszy frakcji,  Küldjön pénzt a frakció alapjaiból,  Invia denaro dai fondi della fazione,  Enviar dinero de fondos de facciones,  Envoyer de l'argent à partir des fonds de faction,  Enviar dinheiro de fundos de facção,  派閥基金から送金する,
Deposit_Fraction,Deposit to Faction,Deposit to Faction, Einzahlung Fraktionskasse,存入党团的钱,  存款分數收銀機,  Депозитная дробная касса,  Vklad zlomkové pokladny,  Wpłata ułamkowa kasa fiskalna,  Betéti töredékpénztárgép,  Registratore di cassa frazionario di deposito,  Depósito caja registradora fraccionada,  Déposer la caisse enregistreuse fractionnée,  Depositar caixa registradora fracionada,  端数レジを預ける,
Privat, Privat, Privat, Privat,私有,  私人的,  Частный,  soukromé,  Prywatny,  Magán,  Privato,  Privado,  Privé,  Privado,  プライベート,
Fraction, Faction, Faction, Fraktion,派别,  分數,  доля,  zlomek,  frakcja,  töredék,  frazione,  fracción,  fraction,  fração,  分数,
send_anonymous, send anonymous, send anonymous, anonym senden,匿名发送,匿名發送,отправить анонимно,poslat anonym,wyślij anonimowo,névtelenül küldje el,inviare anonimo,  enviar anonimo,  envoyer anonyme,  enviar anônimo,  匿名で送信,
send_contact, send contact, send contact, Kontakt senden,发送联系方式,  發送聯繫方式,  отправить контакт,  poslat kontakt,  wyślij kontakt,  névjegy küldése,  invia contatto,  enviar contacto,  envoyer un contact,  enviar contato,  連絡先を送信,
contact_was_send, contact was send, contact was send, Kontakt wurde gesendet,联系人已发送,  聯繫人已發送,  контакт был отправлен,  kontakt byl odeslán,  kontakt został wysłany,  kapcsolat elküldve,  il contatto è stato inviato,  contacto fue enviado,  le contact a été envoyé,  contato foi enviado,  連絡先が送信されました,
got_new_contact, you got a new contact, you got a new contact, Du hast einen neuen Kontakt bekommen,你有一个新联系人,  你有一個新聯繫人,  у тебя новый контакт,  máte nový kontakt,  masz nowy kontakt,  új kapcsolatod van,  hai un nuovo contatto,  tienes un nuevo contacto,  tu as un nouveau contact,  você tem um novo contato,  新しい連絡先を取得しました,
Car_to_Tune,Car to tune,Car to tune,Auto zum tunen,车调,車調,Автомобиль для тюнинга,Auto k vyladění,Samochód do tuningu,Autó tuningolni,Auto da mettere a punto,coche para tunear,Voiture à régler,Carro para afinar,チューニングする車,
tune,tune,tune,tunen,调,調,мелодия,naladit,melodia,dallam,sintonizzare,melodía,régler,afinação,曲,
cars_tuning_option,Cars tuning options,Cars tuning options,Auto tuning Optionen,汽车调整选项,汽車調整選項,Варианты тюнинга автомобилей,Možnosti tuningu automobilů,Opcje tuningu samochodów,Autó tuning lehetőségek,Opzioni di messa a punto delle auto,Opciones de tuning de coches,Options de réglage des voitures,Opções de ajuste de carros,車のチューニングオプション,
Tuning,Tuning,Tuning,Tuning,调音,調音,Тюнинг,Ladění,Strojenie,Hangolás,Messa a punto,Afinación,Réglage,Afinação,チューニング,
open_tuning_menu,Open Tuning Menu,Open Tuning Menu,Öffene Tuning Menü,打开调校菜单,打開調諧菜單,Открыть меню настройки,Otevřete nabídku ladění,Otwórz menu strojenia,Nyissa meg a Hangolás menüt,Apri il menu di sintonizzazione,Abrir menú de sintonización,Ouvrir le menu de réglage,Abrir menu de ajuste,チューニングメニューを開く,
no_target_type_selected,No tuning package selected,No tuning package selected,Kein Tuning Paket gewählt,未选择调整包,未選擇調整包,Пакет тюнинга не выбран,Není vybrán žádný tuningový balíček,Nie wybrano pakietu tuningowego,Nincs kiválasztva tuningcsomag,Nessun pacchetto di ottimizzazione selezionato,No se seleccionó ningún paquete de ajuste,Aucun package de réglage sélectionné,Nenhum pacote de ajuste selecionado,チューニングパッケージが選択されていません,
car_can_not_tuned_is_ruined,"Car can not tuned, is ruined.","Car can not tuned, is ruined.",Auto kann nicht getuned werden. Es ist ruiniert.,汽车不能调校，已经坏了。,車不能調，就是毀了。,"Автомобиль не может быть настроен, испорчен.","Auto nejde naladit, je zničené.","Auto nie da się dostroić, jest zrujnowane.","Az autó nem tuningolható, tönkrement.","L'auto non può essere messa a punto, è rovinata.","El coche no se puede tunear, está arruinado.","La voiture ne peut pas être réglée, est en ruine.","Carro não pode sintonizado, está arruinado.",車はチューニングできず、台無しになっています。,
car_was_tuned_some_items_can_not_placed_in_car,"Car has tuned, not all items can repack in trunk. They are placed on ground.","Car has tuned, not all items can repack into trunk. They are placed on ground.",Auto wurde getuned. Es konnte aber nicht alles zurück ins Auto gelegt werden. Es liegt auf dem Boden.,汽车已经调好了。但不是所有东西都能放回车里。它在地板上。,汽車已調好，並非所有物品都可以重新裝入後備箱。 它們被放置在地面上。,"Автомобиль тюнингован, не все вещи можно перепаковать в багажник. Их ставят на землю.","Auto je vyladěné, ne všechny věci lze přebalit do kufru. Jsou umístěny na zemi.","Auto po tuningu, nie wszystkie elementy da się przepakować do bagażnika. Są umieszczane na ziemi.","Az autót tuningolták, nem lehet minden elemet visszapakolni a csomagtartóba. A földre helyezik őket.","L'auto è stata messa a punto, non tutti gli articoli possono essere riposti nel bagagliaio. Sono posti a terra.","El auto se ha sintonizado, no todos los artículos se pueden volver a empacar en el baúl. Se colocan en el suelo.","La voiture est réglée, tous les articles ne peuvent pas être rangés dans le coffre. Ils sont posés au sol.","O carro sintonizou, nem todos os itens podem ser reembalados no porta-malas. Eles são colocados no chão.",車は調整されており、すべてのアイテムがトランクに再梱包できるわけではありません。 それらは地面に置かれます。,
car_was_tuned,Car was tuned,Car was tuned.,Auto wurde getuned.,汽车被调校了,車調好了。,Автомобиль был настроен.,Auto bylo vyladěno.,Samochód został dostrojony.,Az autó tuningolt.,L'auto è stata messa a punto.,El coche fue tuneado.,La voiture a été réglée.,Carro foi afinado.,車が調整されました。,
pls_restart_your_dayz,"Please restart your DayZ, there is something wrong with your User","Please restart your DayZ, there is something wrong with your User","Bitte starten Sie Ihr DayZ neu, es ist etwas mit Ihrem Benutzerkonto nicht in Ordnung.",请重新启动您的DayZ，您的用户有问题。,請重新啟動您的DayZ，您的用戶有問題。,"Пожалуйста, перезапустите свой DayZ, что-то не так с вашим пользователем.","Prosím restartujte svůj DayZ, s vaším uživatelem je něco špatně.","Proszę zrestartuj DayZ, coś jest nie tak z twoim użytkownikiem.","Kérjük, indítsa újra a DayZ-t, valami nincs rendben a felhasználójával.","Si prega di riavviare il tuo DayZ, c'è qualcosa che non va con il tuo utente.","Por favor, reinicia tu DayZ, hay algo mal con tu usuario.","Veuillez redémarrer votre DayZ, il y a quelque chose qui ne va pas avec votre utilisateur.","Por favor, reinicie o seu DayZ, há algo errado com o seu usuário.","DayZを再起動してください。ユーザーに問題があります。",
missing_tool_quantity,Missing tool quantity,Missing tool quantity,Fehlende Werkzeugmenge,缺少工具数量,缺少工具數量,Отсутствует количество инструментов,Chybějící množství nářadí,Brakująca ilość narzędzi,Hiányzó eszköz mennyiség,Quantità di strumenti mancante,Cantidad de herramientas faltante,Quantité d'outils manquante,Quantidade de ferramentas em falta,ツールの数量が不足しています,
needed,Needed,Needed,Benötigt,需要,需要,Требуется,Potřebný,Potrzebny,Szükséges,Necessario,Necesario,Nécessaire,Necessário,必要,
found,Found,Found,Gefunden,找到,找到,Найдено,Našel,Znaleziony,Megtalált,Trovato,Encontrado,Trouvé,Encontrado,見つかりました,
missing_tool,Missing tool,Missing tool,Fehlendes Werkzeug,缺少工具,缺少工具,Отсутствующий инструмент,Chybějící nástroj,Brakujący narzędzie,Hiányzó eszköz,Strumento mancante,Herramient,
missing_craft_item_quantity,Missing craft item quantity,Missing craft item quantity,Fehlende Handwerksgegenstandsmenge,缺少手工艺品数量,缺少手工艺品數量,Отсутствует количество предметов ремесла,Chybějící množství výrobní položky,Brakująca ilość przedmiotu rzemiosła,Hiányzó kézműves tárgy mennyisége,Quantità di og,
missing_craft_item,Missing craft item,Missing craft item,Fehlender Handwerksgegenstand,缺少手工艺品,缺少手工艺品,Отсутствующий предмет ремесла,Chybějící výrobní položka,Brakujący przedmiot rzemiosła,Hiányzó kézműves tárgy,Artigianato mancante,Artículo de artesanía faltante,
neededQuantity,Needed quantity,Needed quantity,Benötigte Menge,所需数量,所需數量,Требуемое количество,Potřebné množství,Potrzebna ilość,Szükséges mennyiség,Quantità necessaria,Cantidad necesaria,Quantité nécessaire,Quantidade necessária,必要な数量,
neededHealth,Needed health,Needed health,Benötigte Gesundheit,所需健康,所需健康,Требуемое здоровье,Potřebné zdraví,Potrzebne zdrowie,Szükséges egészség,Salute necessaria,Salud necesaria,Santé nécessaire,Saúde necessária,必要な健康,
wrong_job,Wrong job,Wrong job,Falscher Job,错误的工作,錯誤的工作,Неправильная работа,Špatná práce,Zła praca,Rossz munka,Lavoro sbagliato,Trabajo equivocado,Mauvais travail,Trabalho errado,間違った仕事,
update_successful,"Update successful","Update successful","Aktualisierung erfolgreich","更新成功","更新成功","Обновление прошло успешно","Aktualizace byla úspěšná","Aktualizacja powiodła się","A frissítés sikeres volt","Aggiornamento riuscito","Actualización exitosa","Mise à jour réussie","Atualização bem-sucedida","更新に成功しました",
manage,Manage,Manage,Verwalten,管理,管理,Управлять,Spravovat,Zarządzaj,Kezel,Amministra,Gestionar,Gérer,Administrar,管理,
JobName_Rank,"Rank","Rank","Rang","排名","排名","Ранг","Hodnost","Ranga","Rang","Grado","Rango","Rang","Classificação","ランク",
JobName_list,"Player list","Player list","Spielerliste","玩家列表","玩家列表","Список игроков","Seznam hráčů","Lista graczy","Játékos lista","Elenco giocatori","Lista de jugadores","Liste des joueurs","Lista de jogadores","プレイヤーリスト",
config_was_reloaded,"Config was reloaded","Config was reloaded","Konfiguration neu geladen","配置已重新加载","配置已重新加載","Конфигурация была перезагружена","Konfigurace byla znovu načtena","Konfiguracja została ponownie załadowana","A konfiguráció újra lett töltve","La configurazione è stata ricaricata","La configuración fue recargada","La configuration a été rechargée","A configuração foi recarregada","設定が再読み込みされました",
Barrel_Crude_Oil,Barrel Crude Oil,Barrel Crude Oil,Fass Rohöl,原油桶,原油桶,Бочка с сырой нефтью,Sud s surovou ropou,Beczka surowej ropy,Hordó nyersolajjal,Tonno di petrolio greggio,Barril de petróleo crudo,Tonneau de pétrole brut,Barril de petróleo bruto,原油樽,
Barrel_Crude_Oil_Desc,"Barrel with crude oil, can be processed in refinery","Barrel with crude oil, can be processed in refinery","Fass mit Rohöl, kann in der Raffinerie verarbeitet werden","原油桶，可以在炼油厂加工","原油桶，可以在炼油厂加工","Бочка с сырой нефтью, может быть обработана на нефтеперерабатывающем заводе","Sud s surovou ropou, lze zpracovat v rafinérii","Beczka surowej ropy, może być przetworzona w rafinerii","Hordó nyersolajjal, feldolgozható a finomítóban","Tonno di petrolio greggio, può essere lavorato in raffineria","Barril de petróleo crudo, puede ser procesado en la refinería","Tonneau de pétrole brut, peut être traité dans la raffinerie","Barril de petróleo bruto, pode ser processado na refinaria","原油樽，可以在炼油厂加工",
10L_Canister_Oil,10L Canister Oil,10L Canister Oil,10L Kanister Öl,10L油桶,10L油桶,10-литровый канистра масла,10L Kanistr oleje,10L Kanister oleju,10L-es olajkanna,10L Lattina di olio,10L Lata de aceite,10L Bidon d'huile,10L Lata de óleo,10L缶オイル,
"Sandpaper", "Sandpaper", "Sandpaper", "Schleifpapier", "砂纸", "砂紙", "шлифовальная бумага", "Brusný papír", "Papier ścierny", "Csiszolópapír", "Carta vetrata", "Papel de lija", "Papier de verre", "Papel de lixa", "サンドペーパー",
"Counterfeit_money", "Counterfeit money", "Counterfeit money", "Falschgeld", "假钱", "假錢", "поддельные деньги", "Padělané peníze", "Fałszywe pieniądze", "Hamis pénz", "Soldi falsi", "Dinero falso", "Argent contrefait", "Dinheiro falso", "偽造紙幣",
"Jewelry", "Jewelry", "Jewelry", "Schmuck", "珠宝", "珠寶", "ювелирные изделия", "Šperky", "Biżuteria", "Ékszer", "Gioielli", "Joyería", "Bijoux", "Jóias", "ジュエリー",
"Jewelry_desc","Jewelry","Jewelry","Schmuck","珠宝","珠寶","ювелирные изделия","Šperky","Biżuteria","Ékszer","Gioielli","Joyería","Bijoux","Jóias","ジュエリー",
"Coal","Coal","Coal","Kohle","煤炭","煤炭","Уголь","Uhlí","Węgiel","Szén","Carbone","Carbón","Charbon","Carvão","石炭",
"Coal_desc","Coal","Coal","Kohle","煤炭","煤炭","Уголь","Uhlí","Węgiel","Szén","Carbone","Carbón","Charbon","Carvão","石炭",
"Copper","Copper","Copper","Kupfer","铜","銅","Медь","Měď","Miedź","Réz","Rame","Cobre","Cuivre","Cobre","銅",
"Copper_desc","Copper","Copper","Kupfer","铜","銅","Медь","Měď","Miedź","Réz","Rame","Cobre","Cuivre","Cobre","銅",
"Copper_ore","Copper ore","Copper ore","Kupfererz","铜矿石","銅礦石","Медная руда","Měděná ruda","Ruda miedzi","Rézérc","Minerale di rame","Mineral de cobre","Minerai de cuivre","Minério de cobre","銅鉱石",
"Copper_ore_desc","Copper ore","Copper ore","Kupfererz","铜矿石","銅礦石","Медная руда","Měděná ruda","Ruda miedzi","Rézérc","Minerale di rame","Mineral de cobre","Minerai de cuivre","Minério de cobre","銅鉱石",
"Iron_ore","Iron ore","Iron ore","Eisenerz","铁矿石","鐵礦石","Железная руда","Železná ruda","Ruda żelaza","Vasérc","Minerale di ferro","Mineral de hierro","Minerai de fer","Minério de ferro","鉄鉱石",
"Iron_ore_desc","Iron ore","Iron ore","Eisenerz","铁矿石","鐵礦石","Железная руда","Železná ruda","Ruda żelaza","Vasérc","Minerale di ferro","Mineral de hierro","Minerai de fer","Minério de ferro","鉄鉱石",
"Iron","Iron","Iron","Eisen","铁","鐵","Железо","Železo","Żelazo","Vas","Ferro","Hierro","Fer","Ferro","鉄",
"Iron_desc","Iron","Iron","Eisen","铁","鐵","Железо","Železo","Żelazo","Vas","Ferro","Hierro","Fer","Ferro","鉄",
"Gold","Gold","Gold","Gold","黄金","黃金","Золото","Zlato","Złoto","Arany","Oro","Oro","Or","Ouro","金",
"Gold_ore","Gold ore","Gold ore","Gold Erz","金矿石","金礦石","Золотая руда","Zlatá ruda","Ruda złota","Aranyérc","Minerale d'oro","Mineral de oro","Minerai d'or","Minério de ouro","金鉱石",
"Gold_ore_desc","Gold ore","Gold ore","Gold Erz","金矿石","金礦石","Золотая руда","Zlatá ruda","Ruda złota","Aranyérc","Minerale d'oro","Mineral de oro","Minerai d'or","Minério de ouro","金鉱石",
"Gold_desc","Gold","Gold","Gold","黄金","黃金","Золото","Zlato","Złoto","Arany","Oro","Oro","Or","Ouro","金",
"Diamond_cut","Diamond cut","Diamond cut","Diamantenschliff","钻石切割","鑽石切割","Алмазная резка","Diamantový řez","Diamentowy cięcie","Gyémánt csiszolás","Taglio di diamante","Corte de diamante","Diamant taillé","Diamante cortado","ダイヤモンドカット",
"Diamond_cut_desc","Diamond cut","Diamond cut","Diamantenschliff","钻石切割","鑽石切割","Алмазная резка","Diamantový řez","Diamentowy cięcie","Gyémánt csiszolás","Taglio di diamante","Corte de diamante","Diamant taillé","Diamante cortado","ダイヤモンドカット",
"raw_Diamond","raw Diamond","raw Diamond","roher Diamant","原钻石","原鑽石","сырой алмаз","hrubý diamant","surowy diament","nyers gyémánt","diamante grezzo","diamante crudo","diamant brut","diamante bruto","原ダイヤモンド",
"raw_Diamond_desc","raw Diamond","raw Diamond","roher Diamant","原钻石","原鑽石","сырой алмаз","hrubý diamant","surowy diament","nyers gyémánt","diamante grezzo","diamante crudo","diamant brut","diamante bruto","原ダイヤモンド",
"Color","Color","Color","Farbe","颜色","顏色","Цвет","Barva","Kolor","Szín","Colore","Color","Couleur","Cor","色",
"Bucket","Bucket","Bucket","Eimer","桶","桶","Ведро","Kbelík","Wiadro","Vödör","Secchio","Cubo","Seau","Balde","バケツ",
"Cement","Cement","Cement","Zement","水泥","水泥","Цемент","Cement","Cement","Cement","Cemento","Cemento","Ciment","Cimento","セメント",
"CannabisPlant","CannabisPlant","CannabisPlant","Cannabis Pflanze","大麻植物","大麻植物","Конопляное растение","Konopná rostlina","Roślina konopi","Kender növény","Pianta di cannabis","Planta de cannabis","Plante de cannabis","Planta de cannabis","カンナビスプラント",
"Cannabis","Cannabis","Cannabis","Cannabis","大麻","大麻","Конопля","Konopí","Konopie","Kender","Cannabis","Cannabis","Cannabis","Cannabis","カンナビス",
"Cannabis_Brick","Cannabis Brick","Cannabis Brick","Cannabis Ziegel","大麻砖","大麻磚","Конопляный кирпич","Konopný cihla","Cegła konopi","Kender tégla","Mattone di cannabis","Ladrillo de cannabis","Brique de cannabis","Tijolo de cannabis","カンナビスブリック",
"canabis_desc","Cannabis","Cannabis","Cannabis","大麻","大麻","Конопля","Konopie","Konopie","Kender","Cannabis","Cannabis","Cannabis","Cannabis","カンナビス",
"Cannabis_Brick_desc","Cannabis Brick","Cannabis Brick","Cannabis Ziegel","大麻砖","大麻磚","Конопляный кирпич","Konopný cihla","Cegła konopi","Kender tégla","Mattone di cannabis","Ladrillo de cannabis","Brique de cannabis","Tijolo de cannabis","カンナビスブリック",
"Cocaine_plant","Cocaine plant","Cocaine plant","Kokain Pflanze","可卡因植物","可卡因植物","Кокаиновое растение","Kokainová rostlina","Roślina kokainy","Kokain növény","Pianta di cocaina","Planta de cocaína","Plante de cocaïne","Planta de cocaína","コカイン植物",
"Cocain_Brick","Cocain Brick","Cocain Brick","Kokain Ziegel","可卡因砖","可卡因磚","Кокаиновый кирпич","Kokainový cihla","Cegła kokainy","Kokain tégla","Mattone di cocaina","Ladrillo de cocaína","Brique de cocaïne","Tijolo de cocaína","コカインブリック",
"Cocain_Brick_desc","Cocain Brick","Cocain Brick","Kokain Ziegel","可卡因砖","可卡因磚","Кокаиновый кирпич","Kokainový cihla","Cegła kokainy","Kokain tégla","Mattone di cocaina","Ladrillo de cocaína","Brique de cocaïne","Tijolo de cocaína","コカインブリック",
"raw_Cocaine_desc","raw Cocaine","raw Cocaine","rohes Kokain","原可卡因","原可卡因","сырая кокаин","hrubý kokain","surowy kokaina","nyers kokain","cocaina grezza","cocaína cruda","cocaïne brute","cocaína bruta","原コカイン",
"Cocain_Brick","Cocain Brick","Cocain Brick","Kokain Ziegel","可卡因砖","可卡因磚","Кокаиновый кирпич","Kokainový cihla","Cegła kokainy","Kokain tégla","Mattone di cocaina","Ladrillo de cocaína","Brique de cocaïne","Tijolo de cocaína","コカインブリック",
"Cocaine_plunder","Cocaine plunder","Cocaine plunder","Kokain Beute","可卡因掠夺","可卡因掠奪","Кокаин добыча","Kokain kořist","Kokaina plądrować","Kokain fosztogatás","Cocaina saccheggiare","Cocaína saquear","Cocaïne piller","Cocaína saquear","コカイン略奪",